episode_id	problem_version_id	outcome	kernel_verified	fidelity_status	environment_hash	statement_hash	created_at	completed_at	step_count
040cf08c-4190-45d7-8dc0-4f5f8b8697c6	baa73c15-f4de-4148-bec9-c6009fee1996	KERNEL_VERIFIED	true	attested	9e26d28efe88484c36562da27aa22a2cc73a0638d11532cbbc9071a60609025d	72cb80ab472e749d02f2ec9507b84f08254d17a1a8d971e0f5ee69028e709531	2026-07-14T04:49:10.742349700+00:00	2026-07-14T04:50:07.703077600+00:00	1
05877d23-8774-4952-b76f-cc995b3b0066	c8536661-ba27-42be-92f5-1dbd8d2e8b07	KERNEL_VERIFIED	true	attested	9e26d28efe88484c36562da27aa22a2cc73a0638d11532cbbc9071a60609025d	4c3c83dc8224af2fda5e320792dc492639bcbc17ca728d45cac9abea8d3b8234	2026-07-13T13:30:46.186083500+00:00	2026-07-13T13:31:28.503487600+00:00	1
0883525e-1af6-4ea9-8401-38f1d2ceb645	5d2f252a-bb16-4e94-8e26-05a0f11634b4	KERNEL_VERIFIED	true	attested	9e26d28efe88484c36562da27aa22a2cc73a0638d11532cbbc9071a60609025d	7ba91d026ab423e0535906d8d91026604a803be217ae3161474adb4a883cd3f4	2026-07-14T13:41:53.511407500+00:00	2026-07-14T13:42:23.254574600+00:00	1
08a47a29-b0b2-4a22-9522-42699149bf95	5565853e-8b83-40bb-9579-0bad9b4ea6ab	KERNEL_VERIFIED	true	attested	9e26d28efe88484c36562da27aa22a2cc73a0638d11532cbbc9071a60609025d	b35ea25aeda9c89fce5e42e0c7ff69198f65fc49fd0197a1616be32466519c27	2026-07-14T19:26:20.581675200+00:00	2026-07-14T19:27:14.238929+00:00	1
08ca94f0-1665-4cc2-8127-035d31282911	390ef24b-5b8a-4f7e-97cf-65440ad1144c	KERNEL_VERIFIED	true	attested	9e26d28efe88484c36562da27aa22a2cc73a0638d11532cbbc9071a60609025d	4c1eefc0a9ecff50a9eb2d15d9e37de0689782a87a5f9375e0731c9863d909c3	2026-07-14T20:32:00.893197100+00:00	2026-07-14T20:33:20.280625400+00:00	1
09d46e28-6ceb-434e-8bde-c071113ae549	d82ea6b1-2e43-49c2-8fac-834c1ffab7fe	KERNEL_VERIFIED	true	attested	9e26d28efe88484c36562da27aa22a2cc73a0638d11532cbbc9071a60609025d	c74599d45a83385df1621f8264d5e0fe99a6d056baa4bb0e01a1c4ee455d21bb	2026-07-14T20:58:26.686322700+00:00	2026-07-14T20:58:59.855324600+00:00	1
0aa915f4-3bf2-41ac-be72-e37c04a5c9a6	30251d63-ac66-4c98-bf91-9718ace76a80	KERNEL_VERIFIED	true	attested	9e26d28efe88484c36562da27aa22a2cc73a0638d11532cbbc9071a60609025d	a4f5583ff85f09a775885b7dfe12a823d849d1595a37cea4805ae462dd990f4b	2026-07-13T14:06:48.108045900+00:00	2026-07-13T14:07:43.569273500+00:00	1
0b1a30bd-1ee7-4c1b-ba39-bed2867a580c	1a283efe-ea28-4c6e-88c2-1b31402127de	KERNEL_VERIFIED	true	attested	9e26d28efe88484c36562da27aa22a2cc73a0638d11532cbbc9071a60609025d	f5f9ac04cbb68ba309aaca50f6298bb653fc57956c2cdf502f0a4ea537b188ca	2026-07-13T13:20:38.053033900+00:00	2026-07-13T13:21:15.299504500+00:00	1
0d088b9a-9a13-4b05-9e1b-1fdc3a0cc761	d11f502a-b003-42c5-a2db-5530a4a8b141	KERNEL_VERIFIED	true	attested	9e26d28efe88484c36562da27aa22a2cc73a0638d11532cbbc9071a60609025d	3bdf12db4f5cc4accea7246992c554ef18e1127fec6c4a8e6a9097e91a9f29b6	2026-07-14T06:14:42.895365700+00:00	2026-07-14T06:15:45.087274800+00:00	1
0e2d1a54-9d8b-48ad-8383-ad054bf91400	87ea1d9a-7e55-4f9e-9d85-2de07643a187	KERNEL_VERIFIED	true	attested	9e26d28efe88484c36562da27aa22a2cc73a0638d11532cbbc9071a60609025d	87177243ad3f03c51d732b40fe2bffd17a49b1e7dd8b4ad6a958f47b4ca2616f	2026-07-13T04:24:36.153435+00:00	2026-07-13T04:25:20.956432800+00:00	1
1301893c-d50c-4f58-a2ce-6475c147ad89	5a716539-7bbd-4f80-85fe-bfe84e819469	KERNEL_VERIFIED	true	attested	9e26d28efe88484c36562da27aa22a2cc73a0638d11532cbbc9071a60609025d	d4e1b0965cb2d25501508a1e900d0e9fe475e33bdabb81787b435c849a0dab4e	2026-07-14T20:39:15.865657600+00:00	2026-07-14T20:40:37.188434700+00:00	1
13abb6bb-6091-4647-b46f-8ed0417beb04	cc5eabec-9ba7-4b38-9f8a-482998d707af	KERNEL_VERIFIED	true	attested	9e26d28efe88484c36562da27aa22a2cc73a0638d11532cbbc9071a60609025d	fd551191af356f6d475dc719c877be08696d4ecfc78b1d135a8166288456fd5f	2026-07-15T20:51:15.173490400+00:00	2026-07-15T20:51:47.443723700+00:00	1
13ddfac2-7b11-4487-831e-22fdfdf52687	b9083710-505a-413c-b0ed-f6b07301e1a0	KERNEL_VERIFIED	true	attested	9e26d28efe88484c36562da27aa22a2cc73a0638d11532cbbc9071a60609025d	477580ce029da911cc85f85c1bb2044abfd9112aade4a0d07d630b844e22de80	2026-07-13T04:32:11.910253600+00:00	2026-07-13T04:32:45.468983200+00:00	1
144d069e-ac94-4e1b-af35-792117a07a43	271ee635-46fc-4c1f-b132-e7ee9324a69f	KERNEL_VERIFIED	true	attested	9e26d28efe88484c36562da27aa22a2cc73a0638d11532cbbc9071a60609025d	fb2fd0c5dbf934219efaec5330a7413092a8df0ee1270d8cb7b18a8083a74fe3	2026-07-14T23:00:13.499658100+00:00	2026-07-14T23:00:54.296383800+00:00	1
1452648d-cac9-41ec-bd0c-b1def718b639	dd9707c4-da49-47f6-8c3f-223bd9fef756	KERNEL_VERIFIED	true	attested	9e26d28efe88484c36562da27aa22a2cc73a0638d11532cbbc9071a60609025d	f689cbc5c7b187fc2cb95959c7d4df139121d5b1a07a9f97076a46d88ed5550d	2026-07-15T20:32:19.301168100+00:00	2026-07-15T20:32:54.865219100+00:00	1
15a98239-1c67-4401-bad5-90e23b8b0a6f	3744be83-afb4-410d-812c-81a30e4489a1	KERNEL_VERIFIED	true	attested	9e26d28efe88484c36562da27aa22a2cc73a0638d11532cbbc9071a60609025d	671c2fbe21a2d48baeac91eac51a31551e70b5d36afd7930c0c59d9a17127488	2026-07-14T19:53:48.215969500+00:00	2026-07-14T19:54:34.227124300+00:00	1
161e04d9-7439-4866-b5d7-483d1cb4b0c7	776de7d6-9710-427e-a3fe-29ad9be73f50	KERNEL_VERIFIED	true	attested	9e26d28efe88484c36562da27aa22a2cc73a0638d11532cbbc9071a60609025d	dad741f946608c63be3cd8a7d4ea6137ab771ecba09c866f38b5819df469b62b	2026-07-15T20:26:30.671018700+00:00	2026-07-15T20:27:05.811611800+00:00	1
1652d3c6-70f6-4640-bbcd-f0641f80c3d9	e9e592b3-1c08-4ac8-a6d8-27db462ca76b	IN_PROGRESS	false	attested	9e26d28efe88484c36562da27aa22a2cc73a0638d11532cbbc9071a60609025d	905734a43dfc484150bcbfcfe5f35b641894a4102c83b148b3744d47646ced70	2026-07-12T19:54:10.561149+00:00		1
178b97e2-492b-4d32-bd34-471a466c7c75	efc75f5f-041d-421a-b1d6-128fd20db510	KERNEL_VERIFIED	true	attested	9e26d28efe88484c36562da27aa22a2cc73a0638d11532cbbc9071a60609025d	fcacabd28b02b6df01ccffd2577af63ba3d9e4f168221b33e2d23c94b8263de6	2026-07-13T08:57:59.153259500+00:00	2026-07-13T08:59:20.501025+00:00	1
182ad293-5e62-4387-a15c-675793d4fb66	40988498-4a2f-4a90-93ff-716de0a727b4	KERNEL_VERIFIED	true	attested	9e26d28efe88484c36562da27aa22a2cc73a0638d11532cbbc9071a60609025d	bb3a32d96288deb0deac6a32586f3f84319f228aef815cf0a2d49d8ffea47fd8	2026-07-13T12:13:00.994513500+00:00	2026-07-13T12:13:40.124568100+00:00	1
1899e957-8af0-4fcd-b706-c47ad637c8a9	0822d882-a685-4857-9e9e-6eaaa544c2bb	KERNEL_VERIFIED	true	attested	9e26d28efe88484c36562da27aa22a2cc73a0638d11532cbbc9071a60609025d	9a5e4e799e3add2db98b13a570b96364df9e88b94abc10d4a4739d6f97af82f7	2026-07-13T13:23:24.038578200+00:00	2026-07-13T13:24:01.438090700+00:00	1
1a45fe73-b956-4a08-83ec-9cfe9bac5f7d	245e963a-dcc1-4e6e-bf60-f13ee94dcbca	KERNEL_VERIFIED	true	attested	9e26d28efe88484c36562da27aa22a2cc73a0638d11532cbbc9071a60609025d	0cce668770d8783c65c7aca324e222dcd81c4f634eb06b1206e3631ee475f32a	2026-07-13T04:27:38.180551600+00:00	2026-07-13T04:28:27.941993100+00:00	1
1b9d1a76-72f0-4d3c-8cc9-effd90db9d2c	2b72c7ce-18ff-4e6b-bc1d-874d054815d6	KERNEL_VERIFIED	true	attested	9e26d28efe88484c36562da27aa22a2cc73a0638d11532cbbc9071a60609025d	1781ba1d81dd03d33f20b46ebfebcfb1c3c13d0117774f1b125690f7cac16e06	2026-07-13T13:57:58.105959600+00:00	2026-07-13T13:58:56.205687700+00:00	1
1f97aff1-1173-4246-b6dd-06d15ff25ee4	89b0e678-f69b-427d-9e71-9523856a7cab	KERNEL_VERIFIED	true	attested	9e26d28efe88484c36562da27aa22a2cc73a0638d11532cbbc9071a60609025d	cd03a308ddacbad0f6723dfd5c88377d555d9737d0ce99b92a5b4d325db0fe9b	2026-07-13T17:51:45.342621900+00:00	2026-07-13T17:52:22.459678600+00:00	1
20af5b01-ffa1-4df1-b20a-5e0fd42b7df7	c9de049c-a0eb-4a6b-95db-2fb056f1c5dc	KERNEL_VERIFIED	true	attested	9e26d28efe88484c36562da27aa22a2cc73a0638d11532cbbc9071a60609025d	0cce668770d8783c65c7aca324e222dcd81c4f634eb06b1206e3631ee475f32a	2026-07-12T20:21:17.691912400+00:00	2026-07-12T20:27:22.367288200+00:00	2
244e8dd3-dfa3-4550-ad85-6e9f67d17317	49ae1aa9-8f21-4c23-8f93-f37b447bba05	KERNEL_VERIFIED	true	attested	9e26d28efe88484c36562da27aa22a2cc73a0638d11532cbbc9071a60609025d	5c09204395801b1f8dfb2c2bd491e5559b64c375d7c26f00f496466f6007f323	2026-07-13T11:42:34.766195600+00:00	2026-07-13T11:43:41.991312100+00:00	1
25bac7f2-584f-4547-9737-0c667061f96c	5a643568-2af3-4bbd-a435-af77a4d0d7e1	KERNEL_VERIFIED	true	attested	9e26d28efe88484c36562da27aa22a2cc73a0638d11532cbbc9071a60609025d	90167fad00d37fa4e6358489ff32569d0db4e4bc0efea85984699e3e308b41cf	2026-07-13T10:30:54.893818+00:00	2026-07-13T10:31:53.801056100+00:00	1
26445849-be15-43a4-93c4-0a43bd554cb7	e4397627-8718-41d2-9100-b29b2373d0cf	KERNEL_VERIFIED	true	attested	9e26d28efe88484c36562da27aa22a2cc73a0638d11532cbbc9071a60609025d	79ad4a847af39dad1e2cb2ad6658980f35de66e256cd49ec62e654ba088a6acc	2026-07-13T09:27:40.878848400+00:00	2026-07-13T09:28:47.068524+00:00	1
2646ba8b-6646-4a28-8d81-a34ff56b693f	45f39da2-e4f2-4050-8401-65c82df535a3	KERNEL_VERIFIED	true	attested	9e26d28efe88484c36562da27aa22a2cc73a0638d11532cbbc9071a60609025d	574ef54d20fbe01a8c4050b62234db06e3e6e3835e8f3a13965829faaf16ad41	2026-07-15T22:26:04.565441200+00:00	2026-07-15T22:26:55.781765600+00:00	1
29124031-7d87-42be-b4bd-0544e2d6a4a3	2cd69153-4e77-4db7-8aba-0d330e95711f	KERNEL_VERIFIED	true	attested	9e26d28efe88484c36562da27aa22a2cc73a0638d11532cbbc9071a60609025d	0455f341aa86b2db5641f0315eb32bb13ed715e9238e50502208947b06535102	2026-07-14T20:09:52.880726200+00:00	2026-07-14T20:11:57.967990300+00:00	1
2b518812-727d-4c42-b140-dd8638a115ac	dfb82405-daf5-4c51-9038-4a57c846f077	KERNEL_VERIFIED	true	attested	9e26d28efe88484c36562da27aa22a2cc73a0638d11532cbbc9071a60609025d	b0de87a88145e3263d72c5cf52fde1778c1280568918c2ba5afa0968228662d9	2026-07-13T08:49:34.263991600+00:00	2026-07-13T08:50:24.515750600+00:00	1
2be17ad3-3dcd-4a60-9fe9-4c2957b06251	64af298c-bf2a-4f70-8ba4-8b712acdc1f5	KERNEL_VERIFIED	true	attested	9e26d28efe88484c36562da27aa22a2cc73a0638d11532cbbc9071a60609025d	375e933ad4c6e04d55bd1e004a5c9387b9e75a0ad0bb978fc8d80ee29b4eb323	2026-07-14T14:38:49.339719900+00:00	2026-07-14T14:39:24.208227500+00:00	1
2ca20745-2ed1-4e95-84bd-9b6410bea785	323c4801-f022-487d-8e72-da63034eccdd	KERNEL_VERIFIED	true	attested	9e26d28efe88484c36562da27aa22a2cc73a0638d11532cbbc9071a60609025d	195e293b1eb7a66a39bf8069301829294bb1808d596ec5513b15122c271b8616	2026-07-13T04:22:50.396608400+00:00	2026-07-13T04:23:35.459424300+00:00	1
2cba9c6e-019b-4f0b-aa64-6b608f5b7eb8	0f8dcd94-7edb-4bfd-bab1-51ae87ab4993	GAVE_UP	false	attested	9e26d28efe88484c36562da27aa22a2cc73a0638d11532cbbc9071a60609025d	245fceb8dac07e9deced30d4443876b3e4b5fca36d9cb3c151d2f83f5f6541cb	2026-07-13T04:44:29.388715+00:00	2026-07-13T05:06:37.117463100+00:00	8
2e9066f2-b66a-4bb1-a3ba-a821a7826448	15d4503a-0985-4d50-9c6b-aa445348bb9d	KERNEL_VERIFIED	true	attested	9e26d28efe88484c36562da27aa22a2cc73a0638d11532cbbc9071a60609025d	2470d4498d67527b14af26b8f3e21b68924d7f4751f105c6895623d310d207d1	2026-07-14T01:30:23.668887400+00:00	2026-07-14T01:32:58.039916+00:00	1
3061458d-df2c-4e48-b05d-76b48209a2f6	11379956-bdc3-4ed9-bef3-3e373c8e85c2	KERNEL_VERIFIED	true	attested	9e26d28efe88484c36562da27aa22a2cc73a0638d11532cbbc9071a60609025d	df1b2ec8493146e374e83d3c293fd3a25f7c6d4f4c4d48f1049a9050c3a6faa9	2026-07-16T01:10:09.517605700+00:00	2026-07-16T01:10:36.069083900+00:00	1
312120f0-82e4-49d8-a0a5-022822683064	684cb8cf-bf0c-44e2-abec-7d0b7a0f5f28	KERNEL_VERIFIED	true	attested	9e26d28efe88484c36562da27aa22a2cc73a0638d11532cbbc9071a60609025d	3c1e46fbc7804d2f063b72a31cebded17bd0e910f97c26551b7b6ecb13f62287	2026-07-15T19:13:49.968664+00:00	2026-07-15T19:14:22.035680400+00:00	1
31c65d98-8423-4151-88dc-a9be7f79e51c	9dc80f26-a25f-4e19-b4ae-e86651849fef	KERNEL_VERIFIED	true	attested	9e26d28efe88484c36562da27aa22a2cc73a0638d11532cbbc9071a60609025d	a263896309c48bbdeaccb90fc3af8399f01464d99d160f8a3b9f119f10778c83	2026-07-13T13:43:16.713570400+00:00	2026-07-13T13:43:54.713106700+00:00	1
32342386-093b-47a0-a143-c6931331d8c8	40ffae3f-bd5a-4689-b0fd-dd0159395459	KERNEL_VERIFIED	true	attested	9e26d28efe88484c36562da27aa22a2cc73a0638d11532cbbc9071a60609025d	3cf46364b6df7088f61a7c40974e5d0bf67ce8931c550eedab7ef1ef21b93c71	2026-07-13T13:36:44.731968+00:00	2026-07-13T13:37:25.646507200+00:00	1
333d528d-3032-47b6-ba2e-fa5ae42da41f	4fad80bd-e331-441f-bf57-4c6aed41c4aa	KERNEL_VERIFIED	true	attested	9e26d28efe88484c36562da27aa22a2cc73a0638d11532cbbc9071a60609025d	4f1a4ce8ede04985ca97e7256937909614d1ab74ca0d5eebe28203c4dadac666	2026-07-15T19:01:23.525405+00:00	2026-07-15T19:03:18.083673700+00:00	2
346e79fe-6366-49e3-b67d-0335655ca461	8057d050-084d-49ef-8be3-91be624a6e36	KERNEL_VERIFIED	true	attested	9e26d28efe88484c36562da27aa22a2cc73a0638d11532cbbc9071a60609025d	318baf888e5c5753c02203ffe166b64f7da332a27e075d11bafe055527c7cca4	2026-07-15T20:36:56.705373900+00:00	2026-07-15T20:37:52.887777700+00:00	1
347811f1-b4de-4326-8ce3-d0ccf88b9c59	e2c9f240-2206-419e-820f-ee44cefa3c4e	KERNEL_VERIFIED	true	attested	9e26d28efe88484c36562da27aa22a2cc73a0638d11532cbbc9071a60609025d	9f1b9190ec648a889c73baa5310e256b2e1198af7ddfeeaea73279e6df09502d	2026-07-13T14:09:28.076486600+00:00	2026-07-13T14:10:37.496612100+00:00	1
34926321-5d28-4a6e-9363-27e59a97c0e7	45f39da2-e4f2-4050-8401-65c82df535a3	budget_exhausted	false	attested	9e26d28efe88484c36562da27aa22a2cc73a0638d11532cbbc9071a60609025d	574ef54d20fbe01a8c4050b62234db06e3e6e3835e8f3a13965829faaf16ad41	2026-07-15T22:20:48.356491500+00:00	2026-07-15T22:24:30.559803100+00:00	3
34fa55fc-ad48-4028-9a47-adc93bd12f1f	35439d12-2f15-43bd-81ce-2eabea637710	KERNEL_VERIFIED	true	attested	9e26d28efe88484c36562da27aa22a2cc73a0638d11532cbbc9071a60609025d	7a62fdd6409e716383ae7beb65058b57665b8dbca26d8f1878a126db3088b1fc	2026-07-15T20:59:09.779734600+00:00	2026-07-15T21:00:37.010164800+00:00	2
352cee49-e0fc-4946-af45-ee8a96b234f2	4b799f58-3a6a-40c5-b5ca-eebe85154d1f	KERNEL_VERIFIED	true	attested	9e26d28efe88484c36562da27aa22a2cc73a0638d11532cbbc9071a60609025d	fec46a9bd16d28cd757d8ab198c4dcec277bf3f99c32869ba62a27af33856fc5	2026-07-13T12:36:08.115889200+00:00	2026-07-13T12:37:16.495720300+00:00	1
366a66e4-d8e5-47a3-b7f9-cf629c7eb07b	161abe8d-c256-487e-bfff-2181bdb326bb	KERNEL_VERIFIED	true	attested	9e26d28efe88484c36562da27aa22a2cc73a0638d11532cbbc9071a60609025d	ce9c35261868c4e231b2d8767761b2e0d3b1f9c4e5e44010abe4ac22954c5346	2026-07-14T05:03:03.277199500+00:00	2026-07-14T05:04:05.275349600+00:00	1
36f8eaa9-7116-44a3-b633-f8f1a03210f4	781d4876-55c9-4c3c-9420-602b508771be	KERNEL_VERIFIED	true	attested	9e26d28efe88484c36562da27aa22a2cc73a0638d11532cbbc9071a60609025d	513062caa29c528d7f2df3f6e92de50073c08703b87b05fe15abc49064431b65	2026-07-13T17:38:54.878122500+00:00	2026-07-13T17:39:34.591973100+00:00	1
38d2dbcb-bd72-4221-90b7-51a01e7f1a03	c5812bfb-b227-47c7-8288-78447cf9eb9f	KERNEL_VERIFIED	true	attested	9e26d28efe88484c36562da27aa22a2cc73a0638d11532cbbc9071a60609025d	8bb7ad7a4ce45c73e7e16bc776972cdd6cb8690fd73b5c8521cd994d3c1023c0	2026-07-13T13:40:26.542499900+00:00	2026-07-13T13:41:06.105662+00:00	1
3b953006-3fc6-4f68-a1ab-f36453027fe0	9bd67f4d-942e-4d3b-aad4-e13d28f4b614	KERNEL_VERIFIED	true	attested	9e26d28efe88484c36562da27aa22a2cc73a0638d11532cbbc9071a60609025d	a043bc1ae540143609ba9eb8f1993e40e51478339bb8e607f359563e9c94e372	2026-07-13T09:21:32.195785300+00:00	2026-07-13T09:22:50.550944600+00:00	1
3b9b2497-773b-4ac5-a7f9-8c74e2369869	42ed3331-5479-49c7-84bd-7abe035fa694	KERNEL_VERIFIED	true	attested	9e26d28efe88484c36562da27aa22a2cc73a0638d11532cbbc9071a60609025d	8a92864b4c391ace90e70ffd7a031eafe1f81336cd45446c571b2aec486b454c	2026-07-12T19:47:52.069186100+00:00	2026-07-12T19:48:24.213094700+00:00	1
3bdfd137-1565-4a52-9311-376995668458	14a21b69-2453-4314-8227-cb5407753fb8	KERNEL_VERIFIED	true	attested	9e26d28efe88484c36562da27aa22a2cc73a0638d11532cbbc9071a60609025d	c6f842ee5e86b4f63f2c65524357c34226d588b086746a47b3b7d17482c0a6b3	2026-07-13T04:26:19.364207100+00:00	2026-07-13T04:27:02.725151400+00:00	1
3c2ce9c0-6e0b-4bd8-9b52-8e6464a32d64	640009dd-0b98-48b7-930a-c83c6e19c8ae	KERNEL_VERIFIED	true	attested	9e26d28efe88484c36562da27aa22a2cc73a0638d11532cbbc9071a60609025d	148469e0b0aca0bb147eb1330a3aba34913fe9c77b37739e82a47b855614c317	2026-07-15T20:19:42.812264400+00:00	2026-07-15T20:20:19.142964400+00:00	1
445e255c-cc28-443c-bcf5-a883543784da	481f490b-672c-4b2a-9f08-f630a371c606	KERNEL_VERIFIED	true	attested	9e26d28efe88484c36562da27aa22a2cc73a0638d11532cbbc9071a60609025d	594f3cedfb630efcbde24cffbbd05b68bd9af857eddcd47430ffd7fd8fba0d78	2026-07-15T19:11:27.457744800+00:00	2026-07-15T19:12:02.165813900+00:00	1
44940218-7ebf-411b-a127-eb84db3a916d	e5fb84ce-c0c6-450c-a36b-a4d8f54fb2b4	KERNEL_VERIFIED	true	attested	9e26d28efe88484c36562da27aa22a2cc73a0638d11532cbbc9071a60609025d	a224f6c40cf999249a4960d1b31bf47e74ff27f0246575c4bd1d584e6f451d77	2026-07-12T19:42:19.735677900+00:00	2026-07-12T19:43:07.967505600+00:00	1
44cf70ff-8440-466d-ac4c-bd7d97f5a848	d804be62-5b4a-4fdc-866a-6e72cd815c03	KERNEL_VERIFIED	true	attested	9e26d28efe88484c36562da27aa22a2cc73a0638d11532cbbc9071a60609025d	da44c9bdbf6ec290a24786b03f211e72f635dc976e8ac38b63c1da8a3ee83ab5	2026-07-14T00:28:20.047975200+00:00	2026-07-14T00:29:23.055602200+00:00	1
44d11f4b-6f1c-43c0-845c-cdd70c06db53	2f28d8d4-2f9f-413c-8d4e-408196b7b59d	KERNEL_VERIFIED	true	attested	9e26d28efe88484c36562da27aa22a2cc73a0638d11532cbbc9071a60609025d	e7b2f9633d5b87ec6521a24886737ff9e371398c3021029113357b61f62542c5	2026-07-13T11:08:03.675501200+00:00	2026-07-13T11:08:53.076383700+00:00	1
461d3f2e-ea2a-4ab7-b663-4421899b86da	1710efdc-06be-413b-a278-ccac732b032c	KERNEL_VERIFIED	true	attested	9e26d28efe88484c36562da27aa22a2cc73a0638d11532cbbc9071a60609025d	551eee4e7bf21f376a9d370ee0dc184576f57830423576dcd7a813f2398adeac	2026-07-13T10:22:47.864174900+00:00	2026-07-13T10:23:48.558462800+00:00	1
47248be9-ad01-4c85-a333-1bade2673bfc	372fc2d3-227e-4104-ac93-6657f6fd8538	KERNEL_VERIFIED	true	attested	9e26d28efe88484c36562da27aa22a2cc73a0638d11532cbbc9071a60609025d	2670a2ea7507bf270826b978d761107e40e07564ff85cf843e340f47893d532c	2026-07-15T20:11:10.919160900+00:00	2026-07-15T20:11:47.912115600+00:00	1
47bff1d7-7a83-4efc-800b-9f65af682837	97992573-31bf-4f3a-8e14-a2e46be3ed57	KERNEL_VERIFIED	true	attested	9e26d28efe88484c36562da27aa22a2cc73a0638d11532cbbc9071a60609025d	1df1a8d14ba9e3cc8f3110be9fed2737c1c87cd5dd9e18d2ff3c7d194e44c933	2026-07-13T13:42:20.641783400+00:00	2026-07-13T13:43:00.462585+00:00	1
47e8efda-abd1-4daa-a324-45e85c2dcbef	a208f3c4-a910-487f-a28b-e3de139cb0e2	KERNEL_VERIFIED	true	attested	9e26d28efe88484c36562da27aa22a2cc73a0638d11532cbbc9071a60609025d	08c77c8aa24d6e114b2aac24a3145df5c66f2ad20f1d8f45118ffec1cb18ae24	2026-07-14T14:30:00.940346200+00:00	2026-07-14T14:31:15.944835400+00:00	1
4884fb8e-01a6-41b8-8c8a-d407faa9b7e9	d7a21ad7-0ffd-427b-b9c1-0d87030a93f1	KERNEL_VERIFIED	true	attested	9e26d28efe88484c36562da27aa22a2cc73a0638d11532cbbc9071a60609025d	da0b4ee703e28d0e920e8d7f402451b7cd40daf5d37851bc6ecbbf5d84ed76e4	2026-07-12T19:51:59.085189700+00:00	2026-07-12T19:53:26.923104400+00:00	1
48f49525-b5f1-4bac-8155-8dcfe91764ca	20e17129-58dd-46aa-9a9f-d35e0d97c96b	KERNEL_VERIFIED	true	attested	9e26d28efe88484c36562da27aa22a2cc73a0638d11532cbbc9071a60609025d	091284a06deb6c14f157b9dbe555e00409b518e8bf9c274edfcb2a89f8ecb8e6	2026-07-15T20:53:32.707278900+00:00	2026-07-15T20:54:18.883611500+00:00	1
4aed44d9-548e-480c-ab6b-075e7b554ac9	b1b996c8-f277-466a-b0ae-991d30979e72	KERNEL_VERIFIED	true	attested	9e26d28efe88484c36562da27aa22a2cc73a0638d11532cbbc9071a60609025d	8d11208f261643c04180e1e6f23d898b0e493667de096631cfb54f4e18cf4f22	2026-07-13T10:17:07.563366800+00:00	2026-07-13T10:18:20.320968300+00:00	1
4ba7cc7e-7d4c-4b67-a1ee-867e9fa5c47e	3821e6ae-7ce0-40eb-913e-1a39e33e62b7	KERNEL_VERIFIED	true	attested	9e26d28efe88484c36562da27aa22a2cc73a0638d11532cbbc9071a60609025d	6ef9f3e6e341975a7d4c186f0ffb78323d4ec10d6f9aac587e930b6c5e93fa8d	2026-07-15T20:43:39.191445300+00:00	2026-07-15T20:44:11.596631+00:00	1
4c0a2704-2283-4be2-b537-822d90aab9a9	8ed738c7-592f-4599-a770-f82db6f9d895	KERNEL_VERIFIED	true	attested	9e26d28efe88484c36562da27aa22a2cc73a0638d11532cbbc9071a60609025d	4fa0355633b35f5df759150ec5c2ac26140102cec4a0a507827fe53a5a7eda76	2026-07-13T08:25:17.737413600+00:00	2026-07-13T08:26:27.408686500+00:00	1
4c2d4160-9914-4d83-b649-6bc22d1f04d6	d1d08312-eea8-443a-9ff2-78f6c63d0014	KERNEL_VERIFIED	true	attested	9e26d28efe88484c36562da27aa22a2cc73a0638d11532cbbc9071a60609025d	3d8f14ca5dc6466efd34a526dba274fac3350e2647b16166b40599632f232726	2026-07-15T20:48:00.678630800+00:00	2026-07-15T20:48:51.895836200+00:00	1
4cae8930-9352-4158-8873-6caeff3939ce	5570a9ac-16d7-42ad-9c06-7a2a16e5d30d	KERNEL_VERIFIED	true	attested	9e26d28efe88484c36562da27aa22a2cc73a0638d11532cbbc9071a60609025d	243afd8aa13511b4a00d551e016769fe46ae52da8e73e0a1a0de0978596ec8fa	2026-07-15T21:20:15.889355+00:00	2026-07-15T21:21:03.884975300+00:00	1
4e6cd6b6-67be-4ee9-b0ba-c94f52c729d1	515e1234-c98c-4439-ab58-def605b1ed08	KERNEL_VERIFIED	true	attested	9e26d28efe88484c36562da27aa22a2cc73a0638d11532cbbc9071a60609025d	3307106242e4ba7dea1fa0529daeb36303f24588f4608ec6758717f6fd6c2b7a	2026-07-14T13:49:57.192222300+00:00	2026-07-14T13:50:32.566459800+00:00	1
4edd4cea-3c41-4b16-aa93-0cb747908c00	f7a3d24a-1b03-4692-85fd-879670631ee1	KERNEL_VERIFIED	true	attested	9e26d28efe88484c36562da27aa22a2cc73a0638d11532cbbc9071a60609025d	c5e380fb206513f6cdd5e6fecfb6d706e48f2f81ac775a0482708dadef0b203d	2026-07-12T19:49:21.669327100+00:00	2026-07-12T19:50:46.681313700+00:00	2
4ede61dd-a72a-4ae9-95d6-3f6a10996e79	ec4c6432-4e72-49ca-a1bb-cf6b9ad65aa3	KERNEL_VERIFIED	true	attested	9e26d28efe88484c36562da27aa22a2cc73a0638d11532cbbc9071a60609025d	b0ef5801679368ce13737341e4558d496f6b8125310465cc38289e75d165087a	2026-07-13T13:31:46.087551900+00:00	2026-07-13T13:32:25.644971400+00:00	1
4ff9dc39-c44d-4ed6-8323-e0cc04a7c61a	61612470-9605-4d0c-b1dd-a7984c63c8a3	KERNEL_VERIFIED	true	attested	9e26d28efe88484c36562da27aa22a2cc73a0638d11532cbbc9071a60609025d	9c952febb041005f26d336f6e1b974a10a274ad01adc3c89827787ef038814e8	2026-07-13T13:22:29.797308900+00:00	2026-07-13T13:23:09.020362300+00:00	1
507c7e9a-ba8a-4ed0-8cfd-f23f06aac537	c3337705-fead-47e4-8902-39ccbdb43e08	KERNEL_VERIFIED	true	attested	9e26d28efe88484c36562da27aa22a2cc73a0638d11532cbbc9071a60609025d	6c6127f547c0fe0a3d1a807d76f470c8de53d0d649ad28e04fd9ba52652a8714	2026-07-13T09:15:23.040425600+00:00	2026-07-13T09:16:07.116127900+00:00	1
52f39da0-0c91-4381-ba6b-6763044014e1	e74ace30-3fd0-4192-aea1-1f0f348f6e9b	KERNEL_VERIFIED	true	attested	9e26d28efe88484c36562da27aa22a2cc73a0638d11532cbbc9071a60609025d	7a3904890bde66411c6d2808eb1d5a8b1f7f81c0d5d6f9cc3f61061586d62a1e	2026-07-15T20:04:20.462584500+00:00	2026-07-15T20:06:00.980745700+00:00	2
53d01f56-795d-43f0-91d1-e796a1b7b986	0f8dcd94-7edb-4bfd-bab1-51ae87ab4993	KERNEL_VERIFIED	true	attested	9e26d28efe88484c36562da27aa22a2cc73a0638d11532cbbc9071a60609025d	245fceb8dac07e9deced30d4443876b3e4b5fca36d9cb3c151d2f83f5f6541cb	2026-07-13T05:12:20.366994100+00:00	2026-07-13T05:50:52.213704600+00:00	4
5681f884-50e2-4bb0-bcee-e88e9f87bf1c	b1b53eb3-9c62-46ce-8a0d-7d54d80769a0	KERNEL_VERIFIED	true	attested	9e26d28efe88484c36562da27aa22a2cc73a0638d11532cbbc9071a60609025d	a6f03e8ba3bf1c76c76f6e84cb65bd57f2b9ab080acc5af06915797ab2eea4ac	2026-07-12T21:54:13.853143+00:00	2026-07-12T21:55:19.243333200+00:00	1
57bf2fb3-7a57-4644-b99a-f97ff2aa600c	52ff69c0-e7f5-443c-9cc1-14da17c92dd4	KERNEL_VERIFIED	true	attested	9e26d28efe88484c36562da27aa22a2cc73a0638d11532cbbc9071a60609025d	f940625c1484f450d165e8f450a8f8c7eef5a39fc451e5f0f0a70f24f6c97afc	2026-07-13T15:55:52.683555300+00:00	2026-07-13T15:56:38.220508600+00:00	1
58ba850c-d7ff-4096-9c17-343c73aabaf4	35d5cf81-bde2-4aab-9051-d573c4c4a5a3	KERNEL_VERIFIED	true	attested	9e26d28efe88484c36562da27aa22a2cc73a0638d11532cbbc9071a60609025d	daba6bd200388daed7a1eb4ee4be28340d939db2b64eda7716e8c0c1462d63f1	2026-07-14T20:53:04.752390600+00:00	2026-07-14T20:54:42.259624100+00:00	1
58cd0973-3eb4-46d0-8bd1-22e514bbf6ae	9ad9f4e4-11d4-4f40-89f9-39c3c990b7fa	KERNEL_VERIFIED	true	attested	9e26d28efe88484c36562da27aa22a2cc73a0638d11532cbbc9071a60609025d	c15e88b4e9d19c53b514d0df428e04566b8c1fe43cd2faa685fb35f4b2999f30	2026-07-15T21:17:12.531690300+00:00	2026-07-15T21:17:50.580719+00:00	1
595511b9-c887-4f79-81fc-b227e02718a3	957fbfea-f283-4f2f-b8c7-06f2f4016679	KERNEL_VERIFIED	true	attested	9e26d28efe88484c36562da27aa22a2cc73a0638d11532cbbc9071a60609025d	6c72df181a00ffe6028daff93e0e68b7c340d13f07295a0f3810336ac7fdd21e	2026-07-14T14:46:09.742695+00:00	2026-07-14T14:52:13.146924900+00:00	3
5a05324a-c61b-4ae6-be26-5cc09c2e0d08	96815907-c5f3-4be5-9e6b-15b1812c118d	KERNEL_VERIFIED	true	attested	9e26d28efe88484c36562da27aa22a2cc73a0638d11532cbbc9071a60609025d	0dd01bfe773a2a937b524312f3b7c61334442a224ec14f0c6eb0cabfd315a90c	2026-07-15T20:40:57.268312200+00:00	2026-07-15T20:41:47.509222200+00:00	1
5b0b40ad-6e9d-445f-b2bf-881329a4bc53	79faae68-5b9e-4839-8073-f75d438d5166	KERNEL_VERIFIED	true	attested	9e26d28efe88484c36562da27aa22a2cc73a0638d11532cbbc9071a60609025d	96bdd04845904c102b3abe80c0e5b4867b35a36b7969171a1799c623bebf82da	2026-07-12T19:30:16.309173500+00:00	2026-07-12T19:37:23.496176600+00:00	3
5b360dbb-764a-413b-8f02-2b1c89dd8ace	90b3cc66-f603-4e1a-8f1f-2dc5c71bd7d0	KERNEL_VERIFIED	true	attested	9e26d28efe88484c36562da27aa22a2cc73a0638d11532cbbc9071a60609025d	748d251417aa9e3a205728df71d10a1be96e475640abe3f60fe808ce0a7f5727	2026-07-13T13:59:12.707667+00:00	2026-07-13T13:59:53.284561100+00:00	1
5d6a4958-fe6b-444b-82ae-18856623c310	ddc951c3-82d2-4ff7-9423-f2e286374021	KERNEL_VERIFIED	true	attested	9e26d28efe88484c36562da27aa22a2cc73a0638d11532cbbc9071a60609025d	59a35a97d60eaee9e3a8898141c1905aa56db7711b3e7ce65e658f1eab6fce54	2026-07-13T08:51:11.183272600+00:00	2026-07-13T08:52:05.292088500+00:00	1
602b62ae-85e0-46d8-9f0c-44a1e68a1342	3e0b43d9-5c96-4620-b93c-abc520b2bcda	KERNEL_VERIFIED	true	attested	9e26d28efe88484c36562da27aa22a2cc73a0638d11532cbbc9071a60609025d	a3ff0a108a4db57bdbd5da8f5d04d0ca9b59e05303e324f6da7483a0476cb0d9	2026-07-14T19:03:03.108285400+00:00	2026-07-14T19:03:59.511154300+00:00	1
61b98dd6-2eee-40da-8cdd-f81f6cea2476	28152863-aeff-42ba-956f-7bf6d4c4fe2a	KERNEL_VERIFIED	true	attested	9e26d28efe88484c36562da27aa22a2cc73a0638d11532cbbc9071a60609025d	684daf317625f5ae6b80685cbd9b42d75bc373725d02b7e2a0b3bbca8528ac82	2026-07-13T14:07:59.492525300+00:00	2026-07-13T14:09:06.593023800+00:00	1
63162d7e-a7d9-4806-aa62-eccafc281a3b	99010870-f187-4d38-972e-bce821947ed4	KERNEL_VERIFIED	true	attested	9e26d28efe88484c36562da27aa22a2cc73a0638d11532cbbc9071a60609025d	aed75a2efa87b2cba64f0718c4f2e90f128c28848ee90bb079bc60ab5fe5fc33	2026-07-14T01:47:00.513342100+00:00	2026-07-14T01:47:29.100236200+00:00	1
632efd9d-4bb3-44f5-8b2f-56dcfd7e9ac9	a5d76493-d25a-42d6-9fc0-773ea96fb176	KERNEL_VERIFIED	true	attested	9e26d28efe88484c36562da27aa22a2cc73a0638d11532cbbc9071a60609025d	f7314b8f4219eeb0329cff97f35fc563ed7497e006499a2ce61355484c88036a	2026-07-12T19:43:46.023204500+00:00	2026-07-12T19:44:40.941052100+00:00	1
63ddd36d-42d0-4680-88df-b8bda98224dc	3aa31e38-864d-4925-aa1b-4987ae7724c0	KERNEL_VERIFIED	true	attested	9e26d28efe88484c36562da27aa22a2cc73a0638d11532cbbc9071a60609025d	fa8acf09d3f10b45884ad220b8624bfa7642ff27779622005032edb43f0934e1	2026-07-13T09:10:13.268516100+00:00	2026-07-13T09:11:10.385672300+00:00	1
6421d973-b765-49ad-92ca-9e2e39d88dd9	d72b59de-beb0-470e-9444-e25be936a5b4	IN_PROGRESS	false	attested	9e26d28efe88484c36562da27aa22a2cc73a0638d11532cbbc9071a60609025d	a22f69bfb1e5ab1f9aec79828ad73e12a7d590eb08466999d353af5264ac1b53	2026-07-13T12:40:31.733096500+00:00		2
645a9ac0-9894-4b31-bfcc-5cf4f12c3b69	cc1e4633-be7b-407e-a3b8-e051dd0711d7	KERNEL_VERIFIED	true	attested	9e26d28efe88484c36562da27aa22a2cc73a0638d11532cbbc9071a60609025d	3f10c84bdf45a24ccc11a9c9ca7d6b5ced4a88988740f898656c7146b8f35c34	2026-07-14T19:58:14.556695500+00:00	2026-07-14T19:59:12.966694+00:00	1
668f3e3f-190e-4b7d-9e23-c111482e2534	c64e7c8d-088b-4dc2-814f-a98bebd7dd7c	KERNEL_VERIFIED	true	attested	9e26d28efe88484c36562da27aa22a2cc73a0638d11532cbbc9071a60609025d	1f78e550b89c6a39a159f2c6900d34e701ec2f34dbdd88fcb9eea4fcd4920bb7	2026-07-15T19:53:50.227689600+00:00	2026-07-15T19:56:14.117856600+00:00	3
681dda79-46c0-4b93-898c-c2fbe10f06a4	955843bb-83a6-4247-9770-1ac2d24fd4b5	KERNEL_VERIFIED	true	attested	9e26d28efe88484c36562da27aa22a2cc73a0638d11532cbbc9071a60609025d	fce6db96bc65d32be0656c3f0436dfbf7602ed899b5a39c2aa2d0035fa067b1e	2026-07-14T01:41:56.117977700+00:00	2026-07-14T01:42:23.954134300+00:00	1
690ec042-3cbf-4548-9da4-3cee186c01c0	3bae0c41-ac9c-4bb5-8844-47e670789d48	KERNEL_VERIFIED	true	attested	9e26d28efe88484c36562da27aa22a2cc73a0638d11532cbbc9071a60609025d	467cad0fe87078a91660e63cbd05740a3d60b66254b0e22014a28ba2863e8227	2026-07-14T19:31:58.106408100+00:00	2026-07-14T19:32:30.938224100+00:00	1
6af2fc8a-0573-4b8f-85c8-00691bae4b98	32706bae-ac44-4f71-8342-a6a130ec2b1d	KERNEL_VERIFIED	true	attested	9e26d28efe88484c36562da27aa22a2cc73a0638d11532cbbc9071a60609025d	eeb93869d0ffdebaaf1fd5bd7939a3c6460575cf4399bbfb07427904433e7b6d	2026-07-13T13:21:37.981795500+00:00	2026-07-13T13:22:15.873366400+00:00	1
6be4d210-d956-481a-893c-9999bdcac1a1	ce61fdf7-5644-428c-a1ac-f3c7b3b9a5e1	KERNEL_VERIFIED	true	attested	9e26d28efe88484c36562da27aa22a2cc73a0638d11532cbbc9071a60609025d	090c8da35d45ab27dc6f7ee42c12b2e2048edb54cf8a916be4b420106502378f	2026-07-15T21:04:02.893887900+00:00	2026-07-15T21:05:52.466047300+00:00	2
6da10309-7f69-4308-a657-8d02d4248e19	461690c7-8656-48ca-9f31-60386c6c33af	KERNEL_VERIFIED	true	attested	9e26d28efe88484c36562da27aa22a2cc73a0638d11532cbbc9071a60609025d	8748599549504e35055a70c4456f3d37e6b2ef4763f1c974f71341e7d60279bf	2026-07-12T19:38:32.985462800+00:00	2026-07-12T19:39:16.636660100+00:00	1
6dd68116-dbbc-45e8-871a-9b3ab8edab75	e84e00c6-17b8-43e4-a832-b40909cb576a	KERNEL_VERIFIED	true	attested	9e26d28efe88484c36562da27aa22a2cc73a0638d11532cbbc9071a60609025d	2fbfb68c85117c41163b2c1acd682a353ea5cf1bac0e879976136c68b69f44c8	2026-07-15T21:08:04.405258+00:00	2026-07-15T21:08:38.872449700+00:00	1
6fa25185-251b-4203-a843-63fc2b0c43e6	8bf294a3-c882-4588-9894-e2fbc8ee0edf	KERNEL_VERIFIED	true	attested	9e26d28efe88484c36562da27aa22a2cc73a0638d11532cbbc9071a60609025d	935fe42967e7ff964228916ae4a685a231db58b3131fe2f491aff2da5b1c0a61	2026-07-13T20:15:31.893639900+00:00	2026-07-13T20:16:37.089913700+00:00	1
700f297f-d8bc-448f-b118-2921e1b98491	1fc1ab2d-de49-4660-8d7c-8aefeb853a73	KERNEL_VERIFIED	true	attested	9e26d28efe88484c36562da27aa22a2cc73a0638d11532cbbc9071a60609025d	a9a3ca286fad52e416ba8ee74768a661e33d22b0528d82f9022c4f636b7795df	2026-07-13T17:45:31.536594700+00:00	2026-07-13T17:46:20.185024500+00:00	1
72447dc9-a1c3-4a92-ab55-4bd463c9fc88	9477f6c0-a2be-4837-acbf-0b9a1cd60504	KERNEL_VERIFIED	true	attested	9e26d28efe88484c36562da27aa22a2cc73a0638d11532cbbc9071a60609025d	bf122e7452221b17126accf33d1c5519c287c11f913d39e024d52ca7bbeafe4d	2026-07-13T14:14:57.899154800+00:00	2026-07-13T14:16:03.398004900+00:00	1
748fe60f-4951-443a-ab48-1ccb1ec2e782	55188345-7099-4e48-8879-f50786ca2404	KERNEL_VERIFIED	true	attested	9e26d28efe88484c36562da27aa22a2cc73a0638d11532cbbc9071a60609025d	c3d316e4a96f444204d3e595d9a1880308458a301fbacdfb65d536ad4096d85d	2026-07-14T18:38:36.910327900+00:00	2026-07-14T18:40:03.449362+00:00	1
74ae7201-fabb-468e-bd1d-83c2da3bb8ef	ec29c1bd-1b37-4e1e-ae50-e43554a09746	KERNEL_VERIFIED	true	attested	9e26d28efe88484c36562da27aa22a2cc73a0638d11532cbbc9071a60609025d	1ba8a63cb390dff8e827a7a4b733b40dca60e3b0003a5fd7f5e1c366972decc3	2026-07-15T22:34:22.012555600+00:00	2026-07-15T22:34:55.766230300+00:00	1
74fbfc4b-da2f-467c-9d44-d02b6eeb28f4	0c4b9003-af8d-4da4-8fb0-0129d1f85a67	KERNEL_VERIFIED	true	attested	9e26d28efe88484c36562da27aa22a2cc73a0638d11532cbbc9071a60609025d	bdf2ab2b8d18289e8a6131c18f9fd0da555d7571ecf7f24b8243005adcca5409	2026-07-16T02:29:06.659568100+00:00	2026-07-16T02:29:30.324603300+00:00	1
759515ed-b704-4f3d-8b2b-45689f8390b7	07a91857-7ade-4719-867a-3836a04ed3ff	KERNEL_VERIFIED	true	attested	9e26d28efe88484c36562da27aa22a2cc73a0638d11532cbbc9071a60609025d	e1a335c630a6dcae767317fd77df12fb00588f6303488a7ddb3628618ce3e402	2026-07-14T19:08:21.489383900+00:00	2026-07-14T19:08:58.729264500+00:00	1
75ae2e6e-3081-4d3c-b977-21c52304131f	fa7e0a1f-446a-4d01-8074-e7f12ff43ece	KERNEL_VERIFIED	true	attested	9e26d28efe88484c36562da27aa22a2cc73a0638d11532cbbc9071a60609025d	e05a589659b1fe0b54ed7373ff4d6bdafe842be6057b0988a03ee46bf4f4bd08	2026-07-13T11:49:35.904963+00:00	2026-07-13T11:50:54.303332600+00:00	1
76254e7f-c4ca-45e2-a029-26697df01c16	6a01ac1e-442e-4f1b-a2d8-dc4935d8cfd1	KERNEL_VERIFIED	true	attested	9e26d28efe88484c36562da27aa22a2cc73a0638d11532cbbc9071a60609025d	304244913c9d6af8b1a2f4e5f87b98c8c53b98723ce9155e892e1b1872835ef8	2026-07-15T20:17:42.202788200+00:00	2026-07-15T20:18:28.440815700+00:00	1
78ae3432-08de-45b1-8ab4-8896f76e4ae4	7a467ca6-2f6d-43c0-b125-12c5638620e0	KERNEL_VERIFIED	true	attested	9e26d28efe88484c36562da27aa22a2cc73a0638d11532cbbc9071a60609025d	21847448bdf2801ed62abf7d3d1aa2741496622a03811552b0b2da2dd81e0943	2026-07-14T20:17:43.692083900+00:00	2026-07-14T20:18:14.364099900+00:00	1
7a4bed72-40bf-4d36-9fe9-b08d515767be	7bf591a9-9ee3-4782-b244-913006b336eb	GAVE_UP	false	attested	9e26d28efe88484c36562da27aa22a2cc73a0638d11532cbbc9071a60609025d	76c777b0ce3c35ba97c6cbdeea2a08cf31ebcd274fa0190aa83db5bc8742ae1e	2026-07-10T19:49:03.906351900+00:00	2026-07-10T19:49:04.272191500+00:00	4
7a7e8098-a5bf-4dd9-97df-145e34ee914b	d584666d-e50d-488d-b459-5d1265a3aadd	KERNEL_VERIFIED	true	attested	9e26d28efe88484c36562da27aa22a2cc73a0638d11532cbbc9071a60609025d	9802976a83cd2b4a604d3a77e6f1c4cf2800c41b9ec7797550df9f1fa28a7c98	2026-07-13T16:58:25.220939300+00:00	2026-07-13T16:59:18.746720500+00:00	1
7a8dd1a1-cb75-4a92-9f4b-9a64c628eea6	13709089-8e64-4f50-81cd-6bd58c30586e	KERNEL_VERIFIED	true	attested	9e26d28efe88484c36562da27aa22a2cc73a0638d11532cbbc9071a60609025d	b1dcffe5a47ed3297cf84d4eb15cb80ee7a954d9294aa90e14abf728e083d711	2026-07-13T14:05:26.105433300+00:00	2026-07-13T14:06:33.491866300+00:00	1
7cb44a91-02ef-45a1-a3ee-91b7e701dbd0	77c1d1e1-b8f9-4cc1-a615-6ff2c8b7a52d	KERNEL_VERIFIED	true	attested	9e26d28efe88484c36562da27aa22a2cc73a0638d11532cbbc9071a60609025d	59ac70e7066924ca1cb9547c9d7c7d9ebcf848bab8344e135b29b73923aeface	2026-07-14T18:25:14.960283100+00:00	2026-07-14T18:26:02.155697+00:00	1
7d9bd076-f39b-4532-a142-1c471c9cf969	e9718f9f-9f2b-40a3-9f6e-31ba71506eca	KERNEL_VERIFIED	true	attested	9e26d28efe88484c36562da27aa22a2cc73a0638d11532cbbc9071a60609025d	4c197004d026ef6a9c17f38a118409eacd739fc1c8a904bb45729a4bc3af7b4a	2026-07-13T14:02:55.888596200+00:00	2026-07-13T14:04:02.170088900+00:00	1
7ec387e3-f25e-41bc-aac4-a0afb5cd286e	9eb4d9b1-2edc-402a-84b9-80c85c27d11a	KERNEL_VERIFIED	true	attested	9e26d28efe88484c36562da27aa22a2cc73a0638d11532cbbc9071a60609025d	c179f131be1236966c6dc3beae806b3e6b4afa26bc261d30778f61b04a4bdc2f	2026-07-13T14:35:48.055106400+00:00	2026-07-13T14:37:10.388882200+00:00	1
84391db1-2490-4eff-a738-0c05d6d82187	b374b2c1-4b3d-428b-8c37-2e97999feb95	KERNEL_VERIFIED	true	attested	9e26d28efe88484c36562da27aa22a2cc73a0638d11532cbbc9071a60609025d	cac30a642696160de7d16c1299452058ef18c7c79d18d722bbac098eaa57d4c9	2026-07-13T13:45:11.056212900+00:00	2026-07-13T13:45:55.528884300+00:00	1
84f6d065-34a0-4c5f-9a4e-25a78ae17805	a109a5af-2617-4b59-8809-ae04af27ce28	KERNEL_VERIFIED	true	attested	9e26d28efe88484c36562da27aa22a2cc73a0638d11532cbbc9071a60609025d	2f00b2ece067d078df09dd2ef5ae535b45935f3e1ab1c478a57deefef9740c32	2026-07-13T12:32:45.637113600+00:00	2026-07-13T12:34:01.847832800+00:00	1
8583c95a-69c5-4ea7-99dc-05c68e6d4c7e	8a65bb51-1da2-439c-bdcf-4d68f625bdb0	KERNEL_VERIFIED	true	attested	9e26d28efe88484c36562da27aa22a2cc73a0638d11532cbbc9071a60609025d	5c948fd9fb29cf4a86535cf5c5d2d305e7a185800a966f5c29fa539679804172	2026-07-13T08:47:23.672973900+00:00	2026-07-13T08:48:14.721694900+00:00	1
874da7ba-e483-4277-a75e-0796b1e85446	b4196b16-744d-4785-8120-65810da7d73c	KERNEL_VERIFIED	true	attested	9e26d28efe88484c36562da27aa22a2cc73a0638d11532cbbc9071a60609025d	e64bf83d23eb6cf5d699f703bbb12565731780265103aee1d2292612e804e871	2026-07-13T10:56:49.365545800+00:00	2026-07-13T10:57:26.358938100+00:00	1
885dfd33-ebde-4ecc-a118-84d3ee573c7d	c0f6a321-8b28-47c8-9aed-dbc735171c73	KERNEL_VERIFIED	true	attested	9e26d28efe88484c36562da27aa22a2cc73a0638d11532cbbc9071a60609025d	a668296d1ade853d1400a8e0209cad5651e024298923b4017d24017134a6f4e9	2026-07-13T11:54:39.603232700+00:00	2026-07-13T11:55:17.833132500+00:00	1
88a8417d-715f-4d93-aad6-6317e8f1be80	2c7952fa-4342-40ed-8a1d-43b093f585aa	KERNEL_VERIFIED	true	attested	9e26d28efe88484c36562da27aa22a2cc73a0638d11532cbbc9071a60609025d	0b8b7fe73cb4aecbdb9e650fe50ee9e982ecab4d23273c92297fa331c6f8724d	2026-07-16T02:17:52.508078100+00:00	2026-07-16T02:18:16.682978400+00:00	1
88f161ad-0233-4381-aded-09f76a861a90	3544e7da-c8a9-4feb-844f-91be241dee92	KERNEL_VERIFIED	true	attested	9e26d28efe88484c36562da27aa22a2cc73a0638d11532cbbc9071a60609025d	c02c2ab4543b320aef6f95f8b09474b90c684f139b2bad3fe5bd1f7fbc4f07e0	2026-07-15T20:01:31.006964800+00:00	2026-07-15T20:02:04.426105300+00:00	1
8aec49d1-7f74-423a-9446-411691ebf91f	d037ea2a-98a2-46b5-a807-f1d12c4f6267	KERNEL_VERIFIED	true	attested	9e26d28efe88484c36562da27aa22a2cc73a0638d11532cbbc9071a60609025d	71d50d6b7d010b66cbe9e21eb556e4c685086b75a618dd066e6615017be68e40	2026-07-13T12:29:27.267770500+00:00	2026-07-13T12:30:35.992801300+00:00	1
8bc57f29-adcc-467d-b986-3e060b2d2e3c	e997a6ae-30ba-4af3-b49a-39a4c405b2d4	KERNEL_VERIFIED	true	attested	9e26d28efe88484c36562da27aa22a2cc73a0638d11532cbbc9071a60609025d	7e1e0ea545ac3f75298bbece75068750bc4036dd40ed53d16886103725cb4556	2026-07-16T02:12:14.280015500+00:00	2026-07-16T02:12:46.620990400+00:00	1
8f8a0eb1-4969-49a4-82e3-4829b042fadf	7e6d5dde-6cac-4869-b709-4015fe2f7425	KERNEL_VERIFIED	true	attested	9e26d28efe88484c36562da27aa22a2cc73a0638d11532cbbc9071a60609025d	0549dda9d71865d87540eede0a9da82bc5c8c3b9b778e78127a3bd444212cf9e	2026-07-13T09:30:35.632839+00:00	2026-07-13T09:31:41.228844400+00:00	1
91104d34-5603-480e-8693-a38f699d4a19	294db365-edcd-4c8a-8f4a-cf7ac89895c1	KERNEL_VERIFIED	true	attested	9e26d28efe88484c36562da27aa22a2cc73a0638d11532cbbc9071a60609025d	f3db25fa4ef6435f35643856325df5b31440c3417f313d84f3931c9563dc3d0a	2026-07-13T14:27:05.235824+00:00	2026-07-13T14:28:30.916776500+00:00	1
95aff4be-5160-497c-9b1f-b2bcc3ff8162	5ba4356c-785d-4f83-b5e2-b60e000aed89	KERNEL_VERIFIED	true	attested	9e26d28efe88484c36562da27aa22a2cc73a0638d11532cbbc9071a60609025d	b9614c6ec88a444e25658819e4a42e4d3e4f68c9c0ecc681bd6a870d9128c98b	2026-07-13T09:23:25.050096300+00:00	2026-07-13T09:24:37.671879900+00:00	1
95fae0a4-f448-4236-9039-604e5cb902e7	513c65fa-b031-479b-aa97-7d39091e7587	KERNEL_VERIFIED	true	attested	9e26d28efe88484c36562da27aa22a2cc73a0638d11532cbbc9071a60609025d	068b74ebba069c507eb598bade6aced904cb882e6b46745dedaeb1f97052382a	2026-07-13T15:58:53.577633200+00:00	2026-07-13T15:59:48.406842600+00:00	1
968e9db4-7593-4ff1-b4e1-9ae66610c173	5de45935-3e0e-4b4e-97cc-204e7e4dd684	KERNEL_VERIFIED	true	attested	9e26d28efe88484c36562da27aa22a2cc73a0638d11532cbbc9071a60609025d	8514370c7a7395174b892f8248dca5b33385986bd75a732c22a9fa4877b866e7	2026-07-13T13:35:42.979275300+00:00	2026-07-13T13:36:23.240427900+00:00	1
975b6af6-ed99-4fdd-b1e3-6fd9b98b2bc7	02d5a4a3-99dd-4135-9033-57e019f3d7f1	KERNEL_VERIFIED	true	attested	9e26d28efe88484c36562da27aa22a2cc73a0638d11532cbbc9071a60609025d	a22f69bfb1e5ab1f9aec79828ad73e12a7d590eb08466999d353af5264ac1b53	2026-07-13T12:47:27.197705300+00:00	2026-07-13T13:05:09.614933100+00:00	2
979203b4-13fe-41e7-a21c-f623eb6636a8	92b5e5ae-10c1-4bf5-afe5-a92f2e8a370e	KERNEL_VERIFIED	true	attested	9e26d28efe88484c36562da27aa22a2cc73a0638d11532cbbc9071a60609025d	3b8f0bf87d2f0dc4c7b085752b9c7e3d93ad7741e4f34ebfcf88d73c017d241d	2026-07-14T06:09:00.382022300+00:00	2026-07-14T06:09:31.111596100+00:00	1
983581b5-8293-4c8b-9537-8d8665b3dd77	84df59dc-30c6-4107-bb5b-9e6c68f85375	KERNEL_VERIFIED	true	attested	9e26d28efe88484c36562da27aa22a2cc73a0638d11532cbbc9071a60609025d	8bc86ddcd7c1cb34718110e244c1b11ce196635396668e4f031be7998c37a5d6	2026-07-13T09:48:37.482908500+00:00	2026-07-13T09:53:22.132722700+00:00	2
998dec2c-fb26-4440-b7c6-0d5f9a8f190c	a001e7c1-6f80-4ab4-8a4f-811068464db6	KERNEL_VERIFIED	true	attested	9e26d28efe88484c36562da27aa22a2cc73a0638d11532cbbc9071a60609025d	f414bc4b7c9462d5c86a1bd41f25c2dbf2774d87ad0178037a269ab2d139b48e	2026-07-13T04:06:38.523824400+00:00	2026-07-13T04:07:21.014012400+00:00	1
9c5ba5e0-7802-4ec1-a34f-b5ac51753d48	7f68e7f0-af58-4b40-95e2-d845a4476f00	KERNEL_VERIFIED	true	attested	9e26d28efe88484c36562da27aa22a2cc73a0638d11532cbbc9071a60609025d	a43867390ad08708c04d34de4e00b118de6d6c598e36036cc37eed560b30fb04	2026-07-13T09:12:02.851915900+00:00	2026-07-13T09:12:50.980254700+00:00	1
9c5fbf3b-db0c-48c4-971c-9aea1b2a2200	6abde75c-9a06-4d00-bdf8-b7038257ede6	KERNEL_VERIFIED	true	attested	9e26d28efe88484c36562da27aa22a2cc73a0638d11532cbbc9071a60609025d	af350969b34c717abbd971b3a92c1651c3a634ad3e455256010ce627d1282526	2026-07-14T18:46:52.863175+00:00	2026-07-14T18:47:22.373670400+00:00	1
a00deaac-a80e-404e-9d06-77e903fc80d8	13cf46f3-13a5-40d9-b8a6-b010eefcab3b	KERNEL_VERIFIED	true	attested	9e26d28efe88484c36562da27aa22a2cc73a0638d11532cbbc9071a60609025d	9c5678c1f8454c6aa35715dd95cefa7584fc35538b3613cdc96372bf3d216c4c	2026-07-13T14:25:19.719074700+00:00	2026-07-13T14:26:35.567947300+00:00	1
a1eac1cf-4d52-4a21-ab67-83249292f12c	c0309264-c251-47f5-89b5-69d913afcf7e	KERNEL_VERIFIED	true	attested	9e26d28efe88484c36562da27aa22a2cc73a0638d11532cbbc9071a60609025d	069765c36b4eb115dfde5d60f8a93f5ebce7da7b853f6972397473bf235325d9	2026-07-14T19:14:30.444096400+00:00	2026-07-14T19:15:55.050976300+00:00	1
a3ad0d38-3b57-4132-9e7b-abc50627fe78	1c3943cc-8275-4ec3-876b-d8afb8f9a984	KERNEL_VERIFIED	true	attested	9e26d28efe88484c36562da27aa22a2cc73a0638d11532cbbc9071a60609025d	7b65ad9a5666310c8f653d511e962dac8e0c422ab50ee846d4630cc9e023c787	2026-07-13T13:32:41.759705300+00:00	2026-07-13T13:33:20.685997600+00:00	1
a3cfd290-eb35-4e8f-b557-f9fa6e1c0c4a	e6331aab-874d-4395-a757-666bcb7e2b13	KERNEL_VERIFIED	true	attested	9e26d28efe88484c36562da27aa22a2cc73a0638d11532cbbc9071a60609025d	683ca859e07a5245e4f5bd2863e3f684f2ec86d051376c80700001424091e5d5	2026-07-14T14:23:22.869560+00:00	2026-07-14T14:23:55.414504900+00:00	1
a4646056-f6af-462c-be5f-1fee2bd03727	23d21971-6676-40d0-99cb-556e22be189b	KERNEL_VERIFIED	true	attested	9e26d28efe88484c36562da27aa22a2cc73a0638d11532cbbc9071a60609025d	1d46a1c91a58507998f972e21cb91ba9e851a1a5a91546556d6da7a211140420	2026-07-15T20:08:18.162963+00:00	2026-07-15T20:08:55.419704700+00:00	1
a70c3c54-04ae-40fe-b6eb-3e5066bb31c6	15bdd8f4-d89b-49df-a075-4ac84348d87b	KERNEL_VERIFIED	true	attested	9e26d28efe88484c36562da27aa22a2cc73a0638d11532cbbc9071a60609025d	1f45ed5e9d010507e25b1e4fe3af9b6466861952a6956c20ddfc0b9ed1733901	2026-07-13T11:32:33.183565900+00:00	2026-07-13T11:33:36.793320500+00:00	1
a748163c-5644-41f3-8612-c0fcebc300a3	5a5ccddf-bd27-4440-ad42-fdcd0f54000e	KERNEL_VERIFIED	true	attested	9e26d28efe88484c36562da27aa22a2cc73a0638d11532cbbc9071a60609025d	2470d4498d67527b14af26b8f3e21b68924d7f4751f105c6895623d310d207d1	2026-07-14T04:49:43.729663300+00:00	2026-07-14T05:12:47.563376800+00:00	3
a76a2362-b976-4012-bed9-3dbd4d2362a2	ec6ecc6a-e739-43a6-9860-6345fb118228	IN_PROGRESS	false	attested	9e26d28efe88484c36562da27aa22a2cc73a0638d11532cbbc9071a60609025d	85a28472b7df55c9cbe6b5862628bf0a6549b6c86f77074dd093e02fff8ddcbc	2026-07-13T09:19:37.365023500+00:00		0
a7c81412-3be2-44f5-99d4-abbbaec604a3	74892f8f-6612-4031-a686-23ba5be359dd	KERNEL_VERIFIED	true	attested	9e26d28efe88484c36562da27aa22a2cc73a0638d11532cbbc9071a60609025d	106d8dda7d5bd58ed14213ed8ac6ae176ccb35b0a1d10812950acd46d36b2a2a	2026-07-15T21:25:44.583057200+00:00	2026-07-15T21:26:38.477377600+00:00	1
a7fcf623-3f76-4875-a4a6-2a8f9dce056e	40a8784d-9dd7-4681-891a-b95705037e46	KERNEL_VERIFIED	true	attested	9e26d28efe88484c36562da27aa22a2cc73a0638d11532cbbc9071a60609025d	cfbf6c382a90babecfb743c5deddb7ed840ea8d8e87f079cfe25145ca4a44c81	2026-07-12T20:54:35.816431400+00:00	2026-07-12T20:56:26.031933200+00:00	2
a80c609c-cae6-4a75-ab4b-6d4b7d18e56e	4e75f137-8483-4af5-8b24-e7db33ffc25d	KERNEL_VERIFIED	true	attested	9e26d28efe88484c36562da27aa22a2cc73a0638d11532cbbc9071a60609025d	18e85c331ce45bb88482c493931c19b3feb8ccfc8a369dde14e3592b20cc43fe	2026-07-14T23:29:04.021617300+00:00	2026-07-14T23:30:04.549352400+00:00	1
a8a19a21-345a-4e96-a656-1206b8947f16	21676a9b-32f0-497b-a903-cacd52211606	KERNEL_VERIFIED	true	attested	9e26d28efe88484c36562da27aa22a2cc73a0638d11532cbbc9071a60609025d	a0d0f1342429ff9d92538e5fbd2aa2edb3b6127fa5cbb4dd90febc33dc226e8b	2026-07-15T20:24:04.827581400+00:00	2026-07-15T20:24:40.204406900+00:00	1
a9c7ea71-3b55-4a02-bdfa-bca0b0ba979c	6c5dcfd9-1b56-4fdb-aa59-6c0c3c792a65	KERNEL_VERIFIED	true	attested	9e26d28efe88484c36562da27aa22a2cc73a0638d11532cbbc9071a60609025d	1104db38d41ad41cfd84b408e9ae3bc520b4a00831e43ee83b8f27bae4e76a48	2026-07-13T08:37:00.262232800+00:00	2026-07-13T08:38:15.549484200+00:00	1
aa75eef8-88d2-4020-974a-e7f58d364fac	87b87358-ff7a-419a-9f28-677139c2265b	KERNEL_VERIFIED	true	attested	9e26d28efe88484c36562da27aa22a2cc73a0638d11532cbbc9071a60609025d	e87bcc1d576c10816d77758ffbae29c3ff86a8a233d0244a9e4674c538164a7c	2026-07-12T19:45:52.924120700+00:00	2026-07-12T19:46:58.986694500+00:00	1
aab8fbdc-c688-4511-b2f6-6f1f9aa5af2e	e9e592b3-1c08-4ac8-a6d8-27db462ca76b	KERNEL_VERIFIED	true	attested	9e26d28efe88484c36562da27aa22a2cc73a0638d11532cbbc9071a60609025d	905734a43dfc484150bcbfcfe5f35b641894a4102c83b148b3744d47646ced70	2026-07-12T19:58:27.184142900+00:00	2026-07-12T19:59:00.382478800+00:00	1
aae17408-0792-49c4-b8aa-00a307711dea	cddd5022-c83e-421d-83af-9ed9de924918	KERNEL_VERIFIED	true	attested	9e26d28efe88484c36562da27aa22a2cc73a0638d11532cbbc9071a60609025d	f7a55ce4c9dc699b7fc89435f99e60b259fecc261c41c5690b253a88f42f20c7	2026-07-12T19:07:41.550665200+00:00	2026-07-12T19:10:48.071219700+00:00	2
abbba24e-42d0-4771-927c-dcdfbbcccfc9	e8e7b8cd-2383-4225-ba89-f96c4534d903	KERNEL_VERIFIED	true	attested	9e26d28efe88484c36562da27aa22a2cc73a0638d11532cbbc9071a60609025d	ae652809d6ba0e5ab511d77b752173946aa71bb3b144f68aea027284998b6da7	2026-07-13T11:13:52.723630600+00:00	2026-07-13T11:14:43.532990300+00:00	1
abcea53f-deb0-4598-851d-c33e1b165463	c50eebb8-ac67-4009-9fa5-532c783cfb32	KERNEL_VERIFIED	true	attested	9e26d28efe88484c36562da27aa22a2cc73a0638d11532cbbc9071a60609025d	9f545ba8a6f928b9b149489fb606c983bca0f0303f274939fd5969b99fbf4c8e	2026-07-14T15:07:29.034988500+00:00	2026-07-14T15:08:42.885152200+00:00	1
ad0a8e14-ae57-4e83-bfe1-36b32e49ac96	e4cc4dbf-224c-4b40-aec1-890ffe4ebbed	KERNEL_VERIFIED	true	attested	9e26d28efe88484c36562da27aa22a2cc73a0638d11532cbbc9071a60609025d	5b165a6fed475b09ce26861fb9e06087bbf2290db481a4734c25f4947b93c3e3	2026-07-13T13:56:49.038355200+00:00	2026-07-13T13:57:31.511952+00:00	1
ad97178f-45c3-43fb-a419-30e880cf8aea	9fd6bd75-4c14-431c-aed4-51d45d1fcb84	KERNEL_VERIFIED	true	attested	9e26d28efe88484c36562da27aa22a2cc73a0638d11532cbbc9071a60609025d	aa784b85bcb203a0a5cbd01155e92d35134081e9eea459aa194c525510be987f	2026-07-13T13:39:27.637900600+00:00	2026-07-13T13:40:05.816734800+00:00	1
b0e46fad-8b90-4387-8982-4d5fd357db15	4d884823-ff12-42bb-9451-c9206f999afd	KERNEL_VERIFIED	true	attested	9e26d28efe88484c36562da27aa22a2cc73a0638d11532cbbc9071a60609025d	d4969a40fee0fdeb0005e45d52efc5aa992e243525b10e59321fb56abcaedc5e	2026-07-14T18:13:49.821443400+00:00	2026-07-14T18:14:26.157048+00:00	1
b175d98e-dff3-4d76-b011-07d44a5b618e	d8109b6d-f2f3-4404-a474-055df6daf2aa	KERNEL_VERIFIED	true	attested	9e26d28efe88484c36562da27aa22a2cc73a0638d11532cbbc9071a60609025d	3ed149adc512fa040a5d2373d2e7f9c1a115cc6ac04096d6f8608ff321df08b9	2026-07-12T20:30:41.786869+00:00	2026-07-12T20:31:32.523873200+00:00	1
b2480b30-0cb1-4cc7-b2c2-982496e430a6	b9c90e1d-359b-450d-a38c-fe3057b11785	KERNEL_VERIFIED	true	attested	9e26d28efe88484c36562da27aa22a2cc73a0638d11532cbbc9071a60609025d	3ed149adc512fa040a5d2373d2e7f9c1a115cc6ac04096d6f8608ff321df08b9	2026-07-13T09:38:57.155412800+00:00	2026-07-13T09:39:42.112129400+00:00	1
b4ea2695-5d97-4098-9be2-6113211fca67	bca4cad9-1137-4cca-b86c-6447d46d13bd	KERNEL_VERIFIED	true	attested	9e26d28efe88484c36562da27aa22a2cc73a0638d11532cbbc9071a60609025d	87177243ad3f03c51d732b40fe2bffd17a49b1e7dd8b4ad6a958f47b4ca2616f	2026-07-12T20:33:14.337929400+00:00	2026-07-12T20:34:00.419336700+00:00	1
b95b7c7e-52f2-4b63-aeb9-b424858ccb01	023da32c-dd05-40eb-a7db-91a57910529e	KERNEL_VERIFIED	true	attested	9e26d28efe88484c36562da27aa22a2cc73a0638d11532cbbc9071a60609025d	d915c762ddcff5266a49b635fcc66d64b057ad5bd575255bca78bb886a590a44	2026-07-13T13:44:10.706800600+00:00	2026-07-13T13:44:51.819377500+00:00	1
b961db4d-ce24-4401-9859-95ee6eac27ee	a148f8a8-6c5a-4063-81a4-ffec7e0b0041	KERNEL_VERIFIED	true	attested	9e26d28efe88484c36562da27aa22a2cc73a0638d11532cbbc9071a60609025d	d5e7784a47d522086f412ab1e43c761fa22b5743a9ef940087b0dcd89329582f	2026-07-14T18:19:49.203923200+00:00	2026-07-14T18:20:17.857784700+00:00	1
b97f2df5-65a6-4e6b-8432-d5940b4114d0	8f5efd8d-77c2-415a-bdb2-07f832fc414c	KERNEL_VERIFIED	true	attested	9e26d28efe88484c36562da27aa22a2cc73a0638d11532cbbc9071a60609025d	9b784a8aca2d5bfc3a335f0fcb2102312374f4a5750b4fca462dc042e417369b	2026-07-13T13:27:57.714329300+00:00	2026-07-13T13:28:39.385570200+00:00	1
bbdd6457-3942-4048-8976-13101dfdac79	200bce1c-0fce-47a2-bc4f-b39b04792714	KERNEL_VERIFIED	true	attested	9e26d28efe88484c36562da27aa22a2cc73a0638d11532cbbc9071a60609025d	f3233d166a9e5fb56a1e8fbe65334b923ce58efd66a181cd182f7925f4e94d00	2026-07-13T04:02:57.896869800+00:00	2026-07-13T04:03:35.697572800+00:00	1
bf56883e-672e-42c4-b32f-0419ed8a1920	5df5a27e-8f13-47b1-93ab-f7c4bc2ec94b	KERNEL_VERIFIED	true	attested	9e26d28efe88484c36562da27aa22a2cc73a0638d11532cbbc9071a60609025d	fdd3b97b55b5e18bfdd4fc896c7c7a326ed15c1d0ec632ce20981b8401d4fd0e	2026-07-13T10:12:28.168828700+00:00	2026-07-13T10:13:29.870780+00:00	1
c298acea-3d6a-400f-853d-8da905d165b0	8f7fc915-07d0-4171-9881-02872e14ca51	KERNEL_VERIFIED	true	attested	9e26d28efe88484c36562da27aa22a2cc73a0638d11532cbbc9071a60609025d	8d4615243cec069773c4c2fee3e03297d35782fcbc1d6d06d53e783a948dc8e7	2026-07-13T14:12:14.650887600+00:00	2026-07-13T14:13:16.263898200+00:00	1
c2d0da98-e71f-45a9-8149-881681524e89	ab996bb5-d9ce-463c-bdb2-fd7b2f4cab1c	KERNEL_VERIFIED	true	attested	9e26d28efe88484c36562da27aa22a2cc73a0638d11532cbbc9071a60609025d	9c952febb041005f26d336f6e1b974a10a274ad01adc3c89827787ef038814e8	2026-07-13T14:33:39.067575500+00:00	2026-07-13T14:35:24.777645400+00:00	1
c34d5708-40ab-45be-837e-1b5cc54a453a	e7195e43-dab5-4ee8-85e6-b105d48503b8	KERNEL_VERIFIED	true	attested	9e26d28efe88484c36562da27aa22a2cc73a0638d11532cbbc9071a60609025d	72cb80ab472e749d02f2ec9507b84f08254d17a1a8d971e0f5ee69028e709531	2026-07-14T00:45:10.788422800+00:00	2026-07-14T00:45:57.731917+00:00	1
c4a688c1-053c-4e08-8da3-e3ab7c4c594e	1987e20c-6d03-4882-8c20-d0495744d9e9	KERNEL_VERIFIED	true	attested	9e26d28efe88484c36562da27aa22a2cc73a0638d11532cbbc9071a60609025d	4b5752c641c3fb016f1ecc6dae940feff8d02251d55880a491590964f7307c95	2026-07-13T15:49:15.519478100+00:00	2026-07-13T15:51:35.215760300+00:00	1
c4ceb176-77d5-450e-83b0-5c06f773b811	6abe383e-9487-42ab-8e4f-cdce2297921e	KERNEL_VERIFIED	true	attested	9e26d28efe88484c36562da27aa22a2cc73a0638d11532cbbc9071a60609025d	82f6b86a482ff9fd80f51c1e2c64050147e0f4513c38b5d5a50762fd1ffcfd24	2026-07-13T13:34:46.462853700+00:00	2026-07-13T13:35:26.199557700+00:00	1
c7a9a71b-13be-4c5a-ab86-953c8d7e76c1	d6c321da-fb33-46c9-b1eb-114a339d01b8	KERNEL_VERIFIED	true	attested	9e26d28efe88484c36562da27aa22a2cc73a0638d11532cbbc9071a60609025d	7ed86d0c64adc313bc2f30c519577cf093fb1ec96ee833250cbd76a7475b7612	2026-07-15T19:49:00.713760200+00:00	2026-07-15T19:51:02.720848100+00:00	3
c7bab59a-0383-4025-9f0b-51c64626e1bd	4d2b7ec1-5a76-4328-92c2-4a8727d70ed2	KERNEL_VERIFIED	true	attested	9e26d28efe88484c36562da27aa22a2cc73a0638d11532cbbc9071a60609025d	613cef967b0c359ed029d068fb464dbe5dce8c045873e4f6bb8fff8f3436c08f	2026-07-13T04:09:08.827146300+00:00	2026-07-13T04:09:50.560298700+00:00	1
ca0e6ce6-a2d7-44d7-81ac-a8f91a584af0	a62e9824-12f8-4318-b52c-03e7c6f8acfa	KERNEL_VERIFIED	true	attested	9e26d28efe88484c36562da27aa22a2cc73a0638d11532cbbc9071a60609025d	4746ffb5c8c91b8d1affcdf3807eb4f0c66f3d20b40d0a2d8df43fc279392b9e	2026-07-13T09:02:27.378361100+00:00	2026-07-13T09:03:35.903099200+00:00	1
cb1633d0-7c75-4c57-bf71-a9d2e5c50726	3f98ba86-14c3-4092-a79d-28c19f661c04	KERNEL_VERIFIED	true	attested	9e26d28efe88484c36562da27aa22a2cc73a0638d11532cbbc9071a60609025d	28a057439eab4508e6d71bacbd7d00c9eab73dcb03cd6b5d7ac798fbb9d5600a	2026-07-13T12:26:11.020577400+00:00	2026-07-13T12:27:22.222937700+00:00	1
cc95b51a-dbd9-4f3d-9565-125970b730d7	727c78de-d147-4509-951d-8d2da6f25638	KERNEL_VERIFIED	true	attested	9e26d28efe88484c36562da27aa22a2cc73a0638d11532cbbc9071a60609025d	19bd48685c6df81f5ff1b0da15865a7ef2c41542b7595508446d1e11d3781af5	2026-07-13T13:28:52.943000900+00:00	2026-07-13T13:29:31.377063100+00:00	1
cd7d60ab-82d3-4288-9b58-da5f3553a257	9f1f4f3c-7665-4fc6-8d71-0a6120ae145e	KERNEL_VERIFIED	true	attested	9e26d28efe88484c36562da27aa22a2cc73a0638d11532cbbc9071a60609025d	cfe2b3be87e35a6e6a6c88137f2282074d5b894fead1755dbfd4eaba758986c9	2026-07-15T19:58:36.398420900+00:00	2026-07-15T19:59:52.945490900+00:00	2
cea54e90-ae58-4fb0-bffd-c629c90e4023	1308a898-34ac-4444-bc00-f061a876db3f	KERNEL_VERIFIED	true	attested	9e26d28efe88484c36562da27aa22a2cc73a0638d11532cbbc9071a60609025d	1287a14fe25faf575dcf5d2b41e5b1f77bdc152ca9966db30028b93f838b3600	2026-07-13T14:19:38.673984600+00:00	2026-07-13T14:20:53.496037400+00:00	1
cf8a89b5-0e9e-4b70-babf-ebffe3b4d954	fe23498c-ad0b-4c9a-97e1-93e38a1c32b2	KERNEL_VERIFIED	true	attested	9e26d28efe88484c36562da27aa22a2cc73a0638d11532cbbc9071a60609025d	71060def3dcb7eb54646d651bfd2fbebb2ae372bc4f1fae0454ab34bcbaed26a	2026-07-15T19:16:23.675126200+00:00	2026-07-15T19:17:49.068298300+00:00	2
d0050e73-d9f1-4919-a9d9-23305a211302	9c93a1d6-97b9-49f8-a05f-a0d813a1428d	KERNEL_VERIFIED	true	attested	9e26d28efe88484c36562da27aa22a2cc73a0638d11532cbbc9071a60609025d	5fa2a2ebec57520aaa13389abd70b8ad8c377342b3f35392941a28833347a155	2026-07-13T10:40:06.950911900+00:00	2026-07-13T10:41:15.717308100+00:00	1
d03830ae-7f75-4edb-ad3a-20228d8be8a4	fb7d4bf8-bcfb-458c-876f-e5ea3687e1b5	KERNEL_VERIFIED	true	attested	9e26d28efe88484c36562da27aa22a2cc73a0638d11532cbbc9071a60609025d	cfbf6c382a90babecfb743c5deddb7ed840ea8d8e87f079cfe25145ca4a44c81	2026-07-13T04:17:43.258422700+00:00	2026-07-13T04:18:23.055023800+00:00	1
d148f9b7-bee9-4759-98bd-a115ca75ea3e	7783f62a-9235-4e77-994e-ea1038abaa44	KERNEL_VERIFIED	true	attested	9e26d28efe88484c36562da27aa22a2cc73a0638d11532cbbc9071a60609025d	4b4c36f4d2afe58b118be0c389535d1a03faba4820dcd1aea7db2af041c6c4da	2026-07-13T14:10:51.911583900+00:00	2026-07-13T14:11:52.253013700+00:00	1
d16d98d8-65ae-4c6f-8a5e-b83398109c4e	a0b6d6ba-a7c2-4cfc-b0d0-ae4f9759766a	KERNEL_VERIFIED	true	attested	9e26d28efe88484c36562da27aa22a2cc73a0638d11532cbbc9071a60609025d	ecd248867dfe84ec6776607d77a6f1ba9e86096d65d2ad209621f5e005757d80	2026-07-13T13:29:51.509567600+00:00	2026-07-13T13:30:29.996041700+00:00	1
d24bc12f-9cb0-4e64-bb42-5e6a14d7e8ab	b0d5b386-efb0-4e05-b949-1d03f1731356	KERNEL_VERIFIED	true	attested	9e26d28efe88484c36562da27aa22a2cc73a0638d11532cbbc9071a60609025d	139c54d575c9f2f475d3a6cb6142205909d71f91d7cd217fd1b348371f2718b3	2026-07-13T10:25:25.944016700+00:00	2026-07-13T10:26:35.500752900+00:00	1
d2c798f6-9476-4029-b72d-71ac9c898c14	e8710139-6736-43ff-a7d3-efa7a852e365	KERNEL_VERIFIED	true	attested	9e26d28efe88484c36562da27aa22a2cc73a0638d11532cbbc9071a60609025d	2ccac8eafcf60ed27e66edff148e720217932117d7abc6095724b8707378a47e	2026-07-15T19:32:51.098702100+00:00	2026-07-15T19:34:17.860430400+00:00	2
d45f9f3d-3511-4f32-92ed-49c2d247acf8	b542e676-9091-4684-b738-e533e44bc008	KERNEL_VERIFIED	true	attested	9e26d28efe88484c36562da27aa22a2cc73a0638d11532cbbc9071a60609025d	b96eb45735ab878cb42ee65445d179e465339acc3f0c988a1f16eabb8ccdd231	2026-07-13T08:59:57.658765300+00:00	2026-07-13T09:01:56.902783300+00:00	1
d514e4a6-32f1-4c21-928a-1ffd88cb0c5f	ec6ecc6a-e739-43a6-9860-6345fb118228	KERNEL_VERIFIED	true	attested	9e26d28efe88484c36562da27aa22a2cc73a0638d11532cbbc9071a60609025d	85a28472b7df55c9cbe6b5862628bf0a6549b6c86f77074dd093e02fff8ddcbc	2026-07-13T09:17:25.301192200+00:00	2026-07-13T09:18:22.145266600+00:00	1
d72c6734-e590-4d22-863e-84e46bf4c951	82b78dec-e0bb-441c-a853-0dd9e7eb285e	KERNEL_VERIFIED	true	attested	9e26d28efe88484c36562da27aa22a2cc73a0638d11532cbbc9071a60609025d	82ec2077a93319cdb7bf4c4b6ab3a91122d2dba90a22fe7d05a823b73e695f93	2026-07-13T13:15:55.137166200+00:00	2026-07-13T13:16:31.730676600+00:00	1
d7bd5359-8464-4ab4-80a0-f0b022ee02cd	de35e7ec-3caf-494a-805b-b6f77ec74607	KERNEL_VERIFIED	true	attested	9e26d28efe88484c36562da27aa22a2cc73a0638d11532cbbc9071a60609025d	9af89bbf9c988e580d5eb1d54281e1477ea02fa37953bdd4cb07085940d372de	2026-07-13T08:45:10.010585400+00:00	2026-07-13T08:46:07.329713600+00:00	1
d91210b2-3326-47f0-8d90-bbdb5ab310c2	dbd105e7-ce58-4ed1-93a6-0694cf131d13	GAVE_UP	false	attested	9e26d28efe88484c36562da27aa22a2cc73a0638d11532cbbc9071a60609025d	49be45856e25d10acda1687eb0aa9ad7ac18ec7ec507c1989a741a1ac5470c93	2026-07-12T20:54:42.460893+00:00	2026-07-12T20:59:35.957926200+00:00	4
daf66559-2dde-4610-8521-3d8f80f08a22	d9605b4b-5273-452e-a965-7155bbf0d6fa	KERNEL_VERIFIED	true	attested	9e26d28efe88484c36562da27aa22a2cc73a0638d11532cbbc9071a60609025d	b0f5fe15d97f3a598f57284ad121870d4f09d47e501eb4c3641b467a70e1302e	2026-07-12T19:40:58.638867+00:00	2026-07-12T19:41:44.280182100+00:00	1
dbb7cb20-df50-4688-b967-a0a1ee322d05	6fbb46d1-4dd4-4546-9239-181867d6f2fd	KERNEL_VERIFIED	true	attested	9e26d28efe88484c36562da27aa22a2cc73a0638d11532cbbc9071a60609025d	d7a78f38dee93d76c13262991e472c99d2fb551e4d2c24d8a381f2065f9e1ce1	2026-07-13T13:46:12.708523100+00:00	2026-07-13T13:46:55.940827500+00:00	1
e03eefc8-89d5-4242-9116-eaa08e60d3a4	377cbc55-1afc-4842-9060-a6148429b2a5	KERNEL_VERIFIED	true	attested	9e26d28efe88484c36562da27aa22a2cc73a0638d11532cbbc9071a60609025d	0c0686f3d797a73ab2577441a399fc177c0fc8a4bf385351723dbfdfcaa53c7e	2026-07-14T23:07:37.283559700+00:00	2026-07-14T23:08:35.868301400+00:00	1
e06e4105-c354-4026-b046-a818ca9e3fd0	f11c6255-c5f9-4e95-aa97-63afa2c0e7b3	KERNEL_VERIFIED	true	attested	9e26d28efe88484c36562da27aa22a2cc73a0638d11532cbbc9071a60609025d	d683c8dea9f3093fc96de2da6d2958797ae9c016ac86927e338d375f6c0f6bf3	2026-07-13T14:23:28.176762100+00:00	2026-07-13T14:24:45.234971700+00:00	1
e0c8ed82-540f-45bc-a860-d9b17a82f23f	90c306f4-71f4-4dc9-9b24-df69a206ec57	KERNEL_VERIFIED	true	attested	9e26d28efe88484c36562da27aa22a2cc73a0638d11532cbbc9071a60609025d	ea2c60d0719108f7258a2f657af16e474f92661e84671bc6c7f3eac5cdb94912	2026-07-13T09:07:56.153444700+00:00	2026-07-13T09:09:17.745888700+00:00	1
e11b21e8-95f3-4358-92d2-96b3263c864c	7851c193-5d39-4302-a93f-a474a2ffa6c8	KERNEL_VERIFIED	true	attested	9e26d28efe88484c36562da27aa22a2cc73a0638d11532cbbc9071a60609025d	057a47bc28d86c645c29c77546fc05686d12c7126314e000dd8a8ccee52832f2	2026-07-15T20:56:28.151137900+00:00	2026-07-15T20:57:15.933616+00:00	1
e1ea1b9a-fade-4ddb-9949-58594ab61bb4	e6345707-02c7-4c55-aa9b-34c5a5582bb7	KERNEL_VERIFIED	true	attested	9e26d28efe88484c36562da27aa22a2cc73a0638d11532cbbc9071a60609025d	8d22452d03ac0ea5eaee4b36dde98345ff4bb5495109fd09c135309899a7ddd2	2026-07-13T09:13:34.458297100+00:00	2026-07-13T09:14:26.108396100+00:00	1
e323509e-4d27-4091-9092-0e8edd2a96f0	c44e12f5-dc14-459c-a346-b31e150173b9	KERNEL_VERIFIED	true	attested	9e26d28efe88484c36562da27aa22a2cc73a0638d11532cbbc9071a60609025d	fe8f3bda306021b2edfa7fc149d215545a3392346a760e34e4024b8dda2e28fa	2026-07-12T18:53:45.122646400+00:00	2026-07-12T18:54:55.962816600+00:00	1
e45bd140-c9b8-469a-980b-2414cb1dd3c3	04896a5d-4423-44dc-ac03-424f8fba0689	KERNEL_VERIFIED	true	attested	9e26d28efe88484c36562da27aa22a2cc73a0638d11532cbbc9071a60609025d	185531de8d717c7c4dde91ffb618ab216796fec1b0e322ebb0b4342514cf6b34	2026-07-15T21:16:08.366285100+00:00	2026-07-15T21:16:36.152344800+00:00	1
e5127db9-260d-4bb9-934b-958932d0cf95	9a615fba-bb1c-4fba-ad67-b78c3dccdaf9	KERNEL_VERIFIED	true	attested	9e26d28efe88484c36562da27aa22a2cc73a0638d11532cbbc9071a60609025d	1c3438a4db633031f71cdc3342677048e42008d2995f7b59aab78bbbc6df0ec0	2026-07-13T13:24:16.302701400+00:00	2026-07-13T13:24:53.820727300+00:00	1
e53e42cb-2a80-4bd5-b599-451332695243	00cfc756-812f-4f12-b4ff-4b0d7898267a	KERNEL_VERIFIED	true	attested	9e26d28efe88484c36562da27aa22a2cc73a0638d11532cbbc9071a60609025d	8c0a79e844a3f385f7ae9ccc905d9c70899215d9a5389ee9fe4b09d1b242d1f6	2026-07-13T04:30:43.645595500+00:00	2026-07-13T04:31:29.756307700+00:00	1
e5c18ce8-f159-4f38-92af-443ac9ad668d	832ccda0-87e9-46a2-8fa5-b01f2cf7e8cd	KERNEL_VERIFIED	true	attested	9e26d28efe88484c36562da27aa22a2cc73a0638d11532cbbc9071a60609025d	723b3a24bb91e2f50109e1e9bfea76f90cb2149df8bda8e954543fa568353c3f	2026-07-12T18:51:24.424428900+00:00	2026-07-12T18:52:28.600209400+00:00	1
e619befe-4eb8-4599-b3da-66cec452cb22	e3de3dca-e6a4-46ea-9e64-3a9e935d9c9e	KERNEL_VERIFIED	true	attested	9e26d28efe88484c36562da27aa22a2cc73a0638d11532cbbc9071a60609025d	c6f842ee5e86b4f63f2c65524357c34226d588b086746a47b3b7d17482c0a6b3	2026-07-12T20:34:09.935894300+00:00	2026-07-12T20:34:55.941304500+00:00	1
e6d2e455-0f61-46e4-b03a-bee64f17d37a	04f9df4b-c6d8-42ee-a033-be5080fc14cf	KERNEL_VERIFIED	true	attested	9e26d28efe88484c36562da27aa22a2cc73a0638d11532cbbc9071a60609025d	3b18811cc3e53f1c97fff945eac009907db1a9f5389e1b200db5fb5c38754032	2026-07-13T13:41:22.801585600+00:00	2026-07-13T13:42:01.474304+00:00	1
e7e66b7f-45ad-4031-8dbc-c3c4af9d9717	b6aa3391-d6b7-4f3b-bc08-9a73261ecf4d	KERNEL_VERIFIED	true	attested	9e26d28efe88484c36562da27aa22a2cc73a0638d11532cbbc9071a60609025d	ff77799760cbd395d0f550d8b0b208dda643178a58b585dceac4ef7aeaee837a	2026-07-15T19:25:12.561991200+00:00	2026-07-15T19:28:50.989302500+00:00	4
e8e25055-e977-456f-a972-6025705ed7f0	0113e4df-32ac-4c2a-a58f-9928f05ea213	KERNEL_VERIFIED	true	attested	9e26d28efe88484c36562da27aa22a2cc73a0638d11532cbbc9071a60609025d	509ebfe4281026c30c35638fee0194c069a0e3940274cfd3df4b787391a3c78c	2026-07-14T06:59:27.645039700+00:00	2026-07-14T07:00:15.639040800+00:00	1
e95b56da-6d95-43eb-85c5-ea2ae9c128be	874897f7-1348-4cd2-ab74-bbc93ebb2920	KERNEL_VERIFIED	true	attested	9e26d28efe88484c36562da27aa22a2cc73a0638d11532cbbc9071a60609025d	c9b20538c0f9232f614f82198dc1b59db12236ac66eb0f1c74b89bdb66e2640b	2026-07-15T20:21:26.186276500+00:00	2026-07-15T20:22:00.227464100+00:00	1
e993eb52-c42d-43ba-88d9-f7a147ec2b6f	a1095c68-7d6f-4e6a-91ad-894d73d35863	KERNEL_VERIFIED	true	attested	9e26d28efe88484c36562da27aa22a2cc73a0638d11532cbbc9071a60609025d	fcaef0ed5c3c0fe5416bcb3fe4291a300d525c6d116727ed1825badc22c6c6f5	2026-07-15T21:11:43.954361400+00:00	2026-07-15T21:13:57.228114+00:00	2
ec324b37-e4bd-42d0-b9f1-4652bef599a1	664b8f85-f684-405a-86dc-6f5242286163	KERNEL_VERIFIED	true	attested	9e26d28efe88484c36562da27aa22a2cc73a0638d11532cbbc9071a60609025d	b9dc13d1d5b19007b2bf79aafbab10eb4112e71ebcabb4e61277864e46ca61d6	2026-07-13T14:13:30.055335800+00:00	2026-07-13T14:14:36.589703800+00:00	1
ec83e27b-0f37-4d6d-af74-c405a09c128c	79dd3f80-370f-4845-af21-5d9cdb231b9b	KERNEL_VERIFIED	true	attested	9e26d28efe88484c36562da27aa22a2cc73a0638d11532cbbc9071a60609025d	cb883b6db21e91f1c7413658f84d9e957d6241b781c831082bdf1a3c6c80f253	2026-07-13T13:33:47.202199700+00:00	2026-07-13T13:34:30.556686800+00:00	1
eefd64d6-ecb9-41b8-9546-73a0f1dc72e3	c0565e84-325f-4777-b1aa-0c29372dc85a	KERNEL_VERIFIED	true	attested	9e26d28efe88484c36562da27aa22a2cc73a0638d11532cbbc9071a60609025d	6913949f07a580b6d5cb2675d11daa5289fd60f25bc9697a878a18c14a069ba5	2026-07-13T08:52:47.072342900+00:00	2026-07-13T08:53:48.368949+00:00	1
eff7f736-3a7f-46af-8013-06f8c3d969fb	9d2564e5-74e1-4f3e-a6ff-2b36e62b6aee	KERNEL_VERIFIED	true	attested	9e26d28efe88484c36562da27aa22a2cc73a0638d11532cbbc9071a60609025d	3267162928b3aa56a525c7362d6bab9aa2a8173e6772bada6c6c3a85326b847f	2026-07-14T04:33:00.760286200+00:00	2026-07-14T04:33:49.413247200+00:00	1
f23e6f05-7cc6-4413-8ccc-47e551e2a641	83fb9810-de02-4278-943e-60335ffc1bb5	KERNEL_VERIFIED	true	attested	9e26d28efe88484c36562da27aa22a2cc73a0638d11532cbbc9071a60609025d	d099f11404ab882d3b13209cb482d69ad608d1876c32a2339c8bc28c0ed7045a	2026-07-13T10:46:31.210840+00:00	2026-07-13T10:47:02.692376700+00:00	1
f307bb4a-7536-4cd5-aa06-4a570ed341f0	dd157db4-78e2-4285-8069-b6ce4ee14526	KERNEL_VERIFIED	true	attested	9e26d28efe88484c36562da27aa22a2cc73a0638d11532cbbc9071a60609025d	efe8ee4f7a731426d19c8df450b119aa2f170e57ba8c8d91489f3d854361750d	2026-07-15T21:02:24.549665100+00:00	2026-07-15T21:02:52.887229700+00:00	1
f3527634-9d17-43d0-800a-33c5cf9f9858	6471327e-949c-4ef7-a2fa-1df4b45f19b0	KERNEL_VERIFIED	true	attested	9e26d28efe88484c36562da27aa22a2cc73a0638d11532cbbc9071a60609025d	3bc54ad169a3b00e7d86ab647914220dd4aa31531e730e138fe66eaea77399dd	2026-07-14T06:30:36.615280600+00:00	2026-07-14T06:31:40.529374800+00:00	1
f482ac9c-75b0-4b0b-8ffa-98f99afabcab	d7690fb9-b7a6-433d-8163-5ea7d18e9ad9	KERNEL_VERIFIED	true	attested	9e26d28efe88484c36562da27aa22a2cc73a0638d11532cbbc9071a60609025d	af16bc5cdc5f108e76871b628ae7b5341393a9440c81684a8ec5b37d0993c5e9	2026-07-14T19:42:30.699910+00:00	2026-07-14T19:43:15.162330100+00:00	1
f4aa4989-c3bb-4cd0-8786-fa649b80dac6	6844eda7-3e4d-4278-8abd-09b4e8e48e0b	KERNEL_VERIFIED	true	attested	9e26d28efe88484c36562da27aa22a2cc73a0638d11532cbbc9071a60609025d	32c885e79b9fd7d05819d04d0febd3b64579d424b806b38d0f1f8c3ea63a671e	2026-07-14T23:22:39.814757800+00:00	2026-07-14T23:23:35.698802300+00:00	1
fbf2047c-f3aa-4a54-9529-8ab7ecdd81e5	34305a84-6663-460a-a0e8-006337c85838	KERNEL_VERIFIED	true	attested	9e26d28efe88484c36562da27aa22a2cc73a0638d11532cbbc9071a60609025d	a35ce4674c9889b018360f522feeba117076c0036d4083c345d0667d116eec50	2026-07-15T19:19:39.301351200+00:00	2026-07-15T19:22:58.218693100+00:00	4
